Year,Make,Model,Trim,Type,Price,Mileage,Accidents,Owners,Usage,car_url,Miles_threshold
2021,Mazda,CX-5,Grand Touring Reserve,SUV,21815.0,43780.0,0,1,Personal use only,https://www.edmunds.com/mazda/cx-5/2021/vin/JM3KFBAY1M0412593/?radius=25,45000
2021,Mazda,CX-5,Grand Touring,SUV,20998.0,32963.0,0,1,Personal use,https://www.edmunds.com/mazda/cx-5/2021/vin/JM3KFBDM8M0302486/?radius=25,45000
2020,Mazda,CX-5,Grand Touring,SUV,16995.0,53761.0,0,1,Personal use only,https://www.edmunds.com/mazda/cx-5/2020/vin/JM3KFBDM8L1741986/?radius=25,60000
2022,Mazda,CX-5,2.5 S Select,SUV,23104.0,20170.0,0,1,Personal use only,https://www.edmunds.com/mazda/cx-5/2022/vin/JM3KFBBM5N0527792/?radius=25,30000
2021,Mazda,CX-5,Grand Touring,SUV,22901.0,42495.0,0,1,Personal use,https://www.edmunds.com/mazda/cx-5/2021/vin/JM3KFBDM5M0364377/?radius=25,45000
2020,Mazda,CX-5,Grand Touring,SUV,23518.0,26710.0,0,1,Personal use,https://www.edmunds.com/mazda/cx-5/2020/vin/JM3KFBDM0L0868642/?radius=25,60000
2021,Mazda,CX-5,Touring,SUV,22836.0,29510.0,0,1,Personal use,https://www.edmunds.com/mazda/cx-5/2021/vin/JM3KFBCM6M0364468/?radius=25,45000
2021,Mazda,CX-5,Sport,SUV,20976.0,31405.0,0,1,Personal use,https://www.edmunds.com/mazda/cx-5/2021/vin/JM3KFBBM6M0310587/?radius=25,45000
2021,Mazda,CX-5,Grand Touring,SUV,23544.0,34025.0,0,1,Personal use,https://www.edmunds.com/mazda/cx-5/2021/vin/JM3KFBDM1M1444981/?radius=25,45000
2021,Mazda,CX-5,Touring,SUV,22795.0,27789.0,0,1,Personal use,https://www.edmunds.com/mazda/cx-5/2021/vin/JM3KFBCMXM0309893/?radius=25,45000
2021,Mazda,CX-5,Grand Touring,SUV,23901.0,29980.0,0,1,Personal use,https://www.edmunds.com/mazda/cx-5/2021/vin/JM3KFBDM8M1332758/?radius=25,45000
2021,Mazda,CX-5,Touring,SUV,21898.0,26675.0,0,1,Personal use,https://www.edmunds.com/mazda/cx-5/2021/vin/JM3KFBCM4M1332886/?radius=25,45000
2021,Mazda,CX-5,Grand Touring,SUV,25255.0,8223.0,0,1,Personal use,https://www.edmunds.com/mazda/cx-5/2021/vin/JM3KFBDM7M0414213/?radius=25,45000
2020,Mazda,CX-5,Touring,SUV,21998.0,24090.0,0,1,Personal use only,https://www.edmunds.com/mazda/cx-5/2020/vin/JM3KFBCM5L0766450/?radius=25,60000
2020,Mazda,CX-5,Touring,SUV,21985.0,20943.0,0,1,Personal use,https://www.edmunds.com/mazda/cx-5/2020/vin/JM3KFBCM7L1867838/?radius=25,60000
2021,Mazda,CX-5,Carbon Edition,SUV,24816.0,11686.0,0,1,Personal use,https://www.edmunds.com/mazda/cx-5/2021/vin/JM3KFBCM1M0383557/?radius=25,45000
2021,Mazda,CX-5,Touring,SUV,22995.0,19351.0,0,1,Personal use,https://www.edmunds.com/mazda/cx-5/2021/vin/JM3KFBCM5M0377048/?radius=25,45000
2021,Mazda,CX-5,Grand Touring,SUV,24288.0,25725.0,0,1,Personal use,https://www.edmunds.com/mazda/cx-5/2021/vin/JM3KFBDM5M0494434/?radius=25,45000
2021,Mazda,CX-5,Touring,SUV,22995.0,18938.0,0,1,Personal use,https://www.edmunds.com/mazda/cx-5/2021/vin/JM3KFBCM8M1420887/?radius=25,45000
2021,Mazda,CX-5,Touring,SUV,23489.0,19025.0,0,1,Personal use,https://www.edmunds.com/mazda/cx-5/2021/vin/JM3KFBCM0M0382044/?radius=25,45000
2021,Mazda,CX-5,Touring,SUV,22399.0,34555.0,0,1,Personal use,https://www.edmunds.com/mazda/cx-5/2021/vin/JM3KFBCM4M0313289/?radius=25,45000
2020,Mazda,CX-5,Touring,SUV,21695.0,26635.0,0,1,Personal use,https://www.edmunds.com/mazda/cx-5/2020/vin/JM3KFBCM8L0842131/?radius=25,60000
2021,Mazda,CX-5,Sport,SUV,21500.0,20997.0,0,1,Personal use,https://www.edmunds.com/mazda/cx-5/2021/vin/JM3KFBBM2M0325491/?radius=25,45000
2021,Mazda,CX-5,Grand Touring,SUV,23215.0,39310.0,0,1,Personal use,https://www.edmunds.com/mazda/cx-5/2021/vin/JM3KFBDM7M1336560/?radius=25,45000
2021,Mazda,CX-5,Touring,SUV,22298.0,34551.0,0,1,Personal use,https://www.edmunds.com/mazda/cx-5/2021/vin/JM3KFBCM4M0310666/?radius=25,45000
2021,Mazda,CX-5,Touring,SUV,22845.0,28292.0,0,1,Personal use,https://www.edmunds.com/mazda/cx-5/2021/vin/JM3KFBCM8M1387180/?radius=25,45000
2021,Mazda,CX-5,Grand Touring Reserve,SUV,25995.0,27746.0,0,1,Personal use,https://www.edmunds.com/mazda/cx-5/2021/vin/JM3KFBAY0M0366982/?radius=25,45000
2021,Mazda,CX-5,Touring,SUV,21981.0,28363.0,0,1,Personal use,https://www.edmunds.com/mazda/cx-5/2021/vin/JM3KFBCM6M1308881/?radius=25,45000
2021,Mazda,CX-5,Grand Touring,SUV,24522.0,17376.0,0,1,Personal use,https://www.edmunds.com/mazda/cx-5/2021/vin/JM3KFBDM1M1340703/?radius=25,45000
2021,Mazda,CX-5,Sport,SUV,21000.0,15648.0,0,1,Personal use,https://www.edmunds.com/mazda/cx-5/2021/vin/JM3KFBBM8M0367423/?radius=25,45000
2021,Mazda,CX-5,Sport,SUV,21491.0,22357.0,0,1,Personal use,https://www.edmunds.com/mazda/cx-5/2021/vin/JM3KFBBM8M0399319/?radius=25,45000
2021,Mazda,CX-5,Grand Touring,SUV,23700.0,32269.0,0,1,Personal use,https://www.edmunds.com/mazda/cx-5/2021/vin/JM3KFBDM5M0469646/?radius=25,45000
2021,Mazda,CX-5,Touring,SUV,21895.0,42304.0,0,1,Personal use,https://www.edmunds.com/mazda/cx-5/2021/vin/JM3KFBCM7M0311553/?radius=25,45000
2021,Mazda,CX-5,Touring,SUV,22199.0,38509.0,0,1,Personal use,https://www.edmunds.com/mazda/cx-5/2021/vin/JM3KFBCMXM1336408/?radius=25,45000
2021,Mazda,CX-5,Touring,SUV,21515.0,26667.0,0,1,Personal use,https://www.edmunds.com/mazda/cx-5/2021/vin/JM3KFBCM1M0402656/?radius=25,45000
2020,Mazda,CX-5,Touring,SUV,22888.0,21443.0,0,1,Personal use,https://www.edmunds.com/mazda/cx-5/2020/vin/JM3KFBCM5L0868041/?radius=25,60000
2021,Mazda,CX-5,Touring,SUV,22857.0,26573.0,0,1,Personal use,https://www.edmunds.com/mazda/cx-5/2021/vin/JM3KFBCM6M0399849/?radius=25,45000
2021,Mazda,CX-5,Touring,SUV,23900.0,26131.0,0,1,Personal use,https://www.edmunds.com/mazda/cx-5/2021/vin/JM3KFBCM4M1432728/?radius=25,45000
2021,Mazda,CX-5,Grand Touring Reserve,SUV,21815.0,43780.0,0,1,Personal use only,https://www.edmunds.com/mazda/cx-5/2021/vin/JM3KFBAY1M0412593/?radius=25,45000
2021,Mazda,CX-5,Grand Touring,SUV,20998.0,32963.0,0,1,Personal use,https://www.edmunds.com/mazda/cx-5/2021/vin/JM3KFBDM8M0302486/?radius=25,45000
2020,Mazda,CX-5,Grand Touring,SUV,16995.0,53761.0,0,1,Personal use only,https://www.edmunds.com/mazda/cx-5/2020/vin/JM3KFBDM8L1741986/?radius=25,60000
2022,Mazda,CX-5,2.5 S Select,SUV,23104.0,20170.0,0,1,Personal use only,https://www.edmunds.com/mazda/cx-5/2022/vin/JM3KFBBM5N0527792/?radius=25,30000
2021,Mazda,CX-5,Grand Touring,SUV,22901.0,42495.0,0,1,Personal use,https://www.edmunds.com/mazda/cx-5/2021/vin/JM3KFBDM5M0364377/?radius=25,45000
2020,Mazda,CX-5,Grand Touring,SUV,23518.0,26710.0,0,1,Personal use,https://www.edmunds.com/mazda/cx-5/2020/vin/JM3KFBDM0L0868642/?radius=25,60000
2021,Mazda,CX-5,Touring,SUV,22836.0,29510.0,0,1,Personal use,https://www.edmunds.com/mazda/cx-5/2021/vin/JM3KFBCM6M0364468/?radius=25,45000
2021,Mazda,CX-5,Sport,SUV,20976.0,31405.0,0,1,Personal use,https://www.edmunds.com/mazda/cx-5/2021/vin/JM3KFBBM6M0310587/?radius=25,45000
2021,Mazda,CX-5,Grand Touring,SUV,23544.0,34025.0,0,1,Personal use,https://www.edmunds.com/mazda/cx-5/2021/vin/JM3KFBDM1M1444981/?radius=25,45000
2021,Mazda,CX-5,Touring,SUV,22795.0,27789.0,0,1,Personal use,https://www.edmunds.com/mazda/cx-5/2021/vin/JM3KFBCMXM0309893/?radius=25,45000
2021,Mazda,CX-5,Grand Touring,SUV,23901.0,29980.0,0,1,Personal use,https://www.edmunds.com/mazda/cx-5/2021/vin/JM3KFBDM8M1332758/?radius=25,45000
2021,Mazda,CX-5,Touring,SUV,21898.0,26675.0,0,1,Personal use,https://www.edmunds.com/mazda/cx-5/2021/vin/JM3KFBCM4M1332886/?radius=25,45000
2021,Mazda,CX-5,Grand Touring,SUV,25255.0,8223.0,0,1,Personal use,https://www.edmunds.com/mazda/cx-5/2021/vin/JM3KFBDM7M0414213/?radius=25,45000
2020,Mazda,CX-5,Touring,SUV,21998.0,24090.0,0,1,Personal use only,https://www.edmunds.com/mazda/cx-5/2020/vin/JM3KFBCM5L0766450/?radius=25,60000
2020,Mazda,CX-5,Touring,SUV,21985.0,20943.0,0,1,Personal use,https://www.edmunds.com/mazda/cx-5/2020/vin/JM3KFBCM7L1867838/?radius=25,60000
2021,Mazda,CX-5,Carbon Edition,SUV,24816.0,11686.0,0,1,Personal use,https://www.edmunds.com/mazda/cx-5/2021/vin/JM3KFBCM1M0383557/?radius=25,45000
2021,Mazda,CX-5,Touring,SUV,22995.0,19351.0,0,1,Personal use,https://www.edmunds.com/mazda/cx-5/2021/vin/JM3KFBCM5M0377048/?radius=25,45000
2021,Mazda,CX-5,Grand Touring,SUV,24288.0,25725.0,0,1,Personal use,https://www.edmunds.com/mazda/cx-5/2021/vin/JM3KFBDM5M0494434/?radius=25,45000
2021,Mazda,CX-5,Touring,SUV,22995.0,18938.0,0,1,Personal use,https://www.edmunds.com/mazda/cx-5/2021/vin/JM3KFBCM8M1420887/?radius=25,45000
2021,Mazda,CX-5,Touring,SUV,23489.0,19025.0,0,1,Personal use,https://www.edmunds.com/mazda/cx-5/2021/vin/JM3KFBCM0M0382044/?radius=25,45000
2021,Mazda,CX-5,Touring,SUV,22399.0,34555.0,0,1,Personal use,https://www.edmunds.com/mazda/cx-5/2021/vin/JM3KFBCM4M0313289/?radius=25,45000
2020,Mazda,CX-5,Touring,SUV,21695.0,26635.0,0,1,Personal use,https://www.edmunds.com/mazda/cx-5/2020/vin/JM3KFBCM8L0842131/?radius=25,60000
2021,Mazda,CX-5,Sport,SUV,21500.0,20997.0,0,1,Personal use,https://www.edmunds.com/mazda/cx-5/2021/vin/JM3KFBBM2M0325491/?radius=25,45000
2021,Mazda,CX-5,Grand Touring,SUV,23215.0,39310.0,0,1,Personal use,https://www.edmunds.com/mazda/cx-5/2021/vin/JM3KFBDM7M1336560/?radius=25,45000
2021,Mazda,CX-5,Touring,SUV,22298.0,34551.0,0,1,Personal use,https://www.edmunds.com/mazda/cx-5/2021/vin/JM3KFBCM4M0310666/?radius=25,45000
2021,Mazda,CX-5,Touring,SUV,22845.0,28292.0,0,1,Personal use,https://www.edmunds.com/mazda/cx-5/2021/vin/JM3KFBCM8M1387180/?radius=25,45000
2021,Mazda,CX-5,Grand Touring Reserve,SUV,25995.0,27746.0,0,1,Personal use,https://www.edmunds.com/mazda/cx-5/2021/vin/JM3KFBAY0M0366982/?radius=25,45000
2021,Mazda,CX-5,Touring,SUV,21981.0,28363.0,0,1,Personal use,https://www.edmunds.com/mazda/cx-5/2021/vin/JM3KFBCM6M1308881/?radius=25,45000
2021,Mazda,CX-5,Grand Touring,SUV,24522.0,17376.0,0,1,Personal use,https://www.edmunds.com/mazda/cx-5/2021/vin/JM3KFBDM1M1340703/?radius=25,45000
2021,Mazda,CX-5,Sport,SUV,21000.0,15648.0,0,1,Personal use,https://www.edmunds.com/mazda/cx-5/2021/vin/JM3KFBBM8M0367423/?radius=25,45000
2021,Mazda,CX-5,Sport,SUV,21491.0,22357.0,0,1,Personal use,https://www.edmunds.com/mazda/cx-5/2021/vin/JM3KFBBM8M0399319/?radius=25,45000
2021,Mazda,CX-5,Grand Touring,SUV,23700.0,32269.0,0,1,Personal use,https://www.edmunds.com/mazda/cx-5/2021/vin/JM3KFBDM5M0469646/?radius=25,45000
2021,Mazda,CX-5,Touring,SUV,21895.0,42304.0,0,1,Personal use,https://www.edmunds.com/mazda/cx-5/2021/vin/JM3KFBCM7M0311553/?radius=25,45000
2021,Mazda,CX-5,Touring,SUV,22199.0,38509.0,0,1,Personal use,https://www.edmunds.com/mazda/cx-5/2021/vin/JM3KFBCMXM1336408/?radius=25,45000
2021,Mazda,CX-5,Touring,SUV,21515.0,26667.0,0,1,Personal use,https://www.edmunds.com/mazda/cx-5/2021/vin/JM3KFBCM1M0402656/?radius=25,45000
2020,Mazda,CX-5,Touring,SUV,22888.0,21443.0,0,1,Personal use,https://www.edmunds.com/mazda/cx-5/2020/vin/JM3KFBCM5L0868041/?radius=25,60000
2021,Mazda,CX-5,Touring,SUV,22857.0,26573.0,0,1,Personal use,https://www.edmunds.com/mazda/cx-5/2021/vin/JM3KFBCM6M0399849/?radius=25,45000
2021,Mazda,CX-5,Touring,SUV,23900.0,26131.0,0,1,Personal use,https://www.edmunds.com/mazda/cx-5/2021/vin/JM3KFBCM4M1432728/?radius=25,45000
2021,Mazda,CX-5,Touring,SUV,23011.0,34521.0,0,1,Personal use,https://www.edmunds.com/mazda/cx-5/2021/vin/JM3KFBCM7M1333661/?radius=25,45000
2020,Mazda,CX-5,Grand Touring,SUV,21590.0,43017.0,0,1,Personal use only,https://www.edmunds.com/mazda/cx-5/2020/vin/JM3KFBDM9L0844307/?radius=25,60000
2021,Mazda,CX-5,Touring,SUV,22995.0,32800.0,0,1,Personal use,https://www.edmunds.com/mazda/cx-5/2021/vin/JM3KFBCM2M0417313/?radius=25,45000
2021,Mazda,CX-5,Touring,SUV,24998.0,36541.0,0,1,Personal use,https://www.edmunds.com/mazda/cx-5/2021/vin/JM3KFBCM4M0360337/?radius=25,45000
2021,Mazda,CX-5,Touring,SUV,25894.0,33586.0,0,1,Personal use,https://www.edmunds.com/mazda/cx-5/2021/vin/JM3KFBCM3M1480852/?radius=25,45000
2020,Mazda,CX-5,Signature,SUV,18995.0,45017.0,0,1,Personal use,https://www.edmunds.com/mazda/cx-5/2020/vin/JM3KFBEY8L0801773/?radius=25,60000
2021,Mazda,CX-5,Touring,SUV,22495.0,11192.0,0,1,Personal use,https://www.edmunds.com/mazda/cx-5/2021/vin/JM3KFBCM5M0378958/?radius=25,45000
2020,Mazda,CX-5,Grand Touring Reserve,SUV,22995.0,23634.0,0,1,Personal use,https://www.edmunds.com/mazda/cx-5/2020/vin/JM3KFBAY5L0853111/?radius=25,60000
2021,Mazda,CX-5,Carbon Edition,SUV,23666.0,15001.0,0,1,Personal use only,https://www.edmunds.com/mazda/cx-5/2021/vin/JM3KFBCM7M0452445/?radius=25,45000
2023,Mazda,CX-5,2.5 S Select,SUV,25495.0,9482.0,0,1,Personal use,https://www.edmunds.com/mazda/cx-5/2023/vin/JM3KFBBMXP0265304/?radius=25,15000
2021,Mazda,CX-5,Touring,SUV,23228.0,3569.0,0,1,Personal use,https://www.edmunds.com/mazda/cx-5/2021/vin/JM3KFBCM1M1445159/?radius=25,45000
2021,Mazda,CX-5,Touring,SUV,21600.0,20924.0,0,1,Personal use,https://www.edmunds.com/mazda/cx-5/2021/vin/JM3KFBCM3M0376710/?radius=25,45000
2022,Mazda,CX-5,2.5 S Carbon Edition,SUV,25629.0,5408.0,0,1,Personal use only,https://www.edmunds.com/mazda/cx-5/2022/vin/JM3KFBCM6N0532384/?radius=25,30000
2021,Mazda,CX-5,Touring,SUV,22995.0,18226.0,0,1,Personal use,https://www.edmunds.com/mazda/cx-5/2021/vin/JM3KFBCM9M1337209/?radius=25,45000
2021,Mazda,CX-5,Touring,SUV,22428.0,26394.0,0,1,Personal use,https://www.edmunds.com/mazda/cx-5/2021/vin/JM3KFBCM8M0363371/?radius=25,45000
2022,Mazda,CX-5,2.5 S,SUV,21928.0,7925.0,0,1,Personal use,https://www.edmunds.com/mazda/cx-5/2022/vin/JM3KFBAM9N0529465/?radius=25,30000
2021,Mazda,CX-5,Grand Touring,SUV,24128.0,20211.0,0,1,Personal use,https://www.edmunds.com/mazda/cx-5/2021/vin/JM3KFBDM5M0367425/?radius=25,45000
2021,Mazda,CX-5,Touring,SUV,23995.0,16549.0,0,1,Personal use,https://www.edmunds.com/mazda/cx-5/2021/vin/JM3KFBCM0M1386010/?radius=25,45000
2021,Mazda,CX-5,Grand Touring,SUV,25328.0,8601.0,0,1,Personal use,https://www.edmunds.com/mazda/cx-5/2021/vin/JM3KFBDM9M1461754/?radius=25,45000
2021,Mazda,CX-5,Touring,SUV,22728.0,15500.0,0,1,Personal use,https://www.edmunds.com/mazda/cx-5/2021/vin/JM3KFBCM4M0496337/?radius=25,45000
2021,Mazda,CX-5,Grand Touring,SUV,23328.0,26991.0,0,1,Personal use,https://www.edmunds.com/mazda/cx-5/2021/vin/JM3KFBDM2M0411834/?radius=25,45000
2021,Mazda,CX-5,Grand Touring Reserve,SUV,25628.0,18203.0,0,1,Personal use,https://www.edmunds.com/mazda/cx-5/2021/vin/JM3KFBAY9M0310278/?radius=25,45000
2020,Mazda,CX-5,Grand Touring,SUV,25998.0,24099.0,0,1,Personal use only,https://www.edmunds.com/mazda/cx-5/2020/vin/JM3KFBDM6L1867392/?radius=25,60000
2021,Mazda,CX-5,Touring,SUV,22495.0,33907.0,0,1,Personal use,https://www.edmunds.com/mazda/cx-5/2021/vin/JM3KFBCM7M1458689/?radius=25,45000
2021,Mazda,CX-5,Touring,SUV,22288.0,22422.0,0,1,Personal use,https://www.edmunds.com/mazda/cx-5/2021/vin/JM3KFBCM1M0372168/?radius=25,45000
2021,Mazda,CX-5,Touring,SUV,22464.0,23776.0,0,1,Personal use,https://www.edmunds.com/mazda/cx-5/2021/vin/JM3KFACM5M0311559/?radius=25,45000
2021,Mazda,CX-5,Touring,SUV,23000.0,26102.0,0,1,Personal use,https://www.edmunds.com/mazda/cx-5/2021/vin/JM3KFBCM1M0377502/?radius=25,45000
2021,Mazda,CX-5,Touring,SUV,23845.0,22558.0,0,1,Personal use,https://www.edmunds.com/mazda/cx-5/2021/vin/JM3KFBCM0M1311369/?radius=25,45000
2021,Mazda,CX-5,Sport,SUV,20428.0,35189.0,0,1,Personal use,https://www.edmunds.com/mazda/cx-5/2021/vin/JM3KFBBM3M1334453/?radius=25,45000
2021,Mazda,CX-5,Touring,SUV,21495.0,39800.0,0,1,Personal use,https://www.edmunds.com/mazda/cx-5/2021/vin/JM3KFBCM7M0401320/?radius=25,45000
2021,Mazda,CX-5,Touring,SUV,21957.0,22588.0,0,1,Personal use,https://www.edmunds.com/mazda/cx-5/2021/vin/JM3KFBCM4M1349803/?radius=25,45000
2021,Mazda,CX-5,Touring,SUV,22728.0,14081.0,0,1,Personal use,https://www.edmunds.com/mazda/cx-5/2021/vin/JM3KFBCM7M0391291/?radius=25,45000
2021,Mazda,CX-5,Grand Touring,SUV,22990.0,32538.0,0,1,Personal use,https://www.edmunds.com/mazda/cx-5/2021/vin/JM3KFADM3M1365502/?radius=25,45000
2021,Mazda,CX-5,Carbon Edition Turbo,SUV,25995.0,19226.0,0,1,Personal use only,https://www.edmunds.com/mazda/cx-5/2021/vin/JM3KFBCY6M0470129/?radius=25,45000
2021,Mazda,CX-5,Touring,SUV,22795.0,25600.0,0,1,Personal use,https://www.edmunds.com/mazda/cx-5/2021/vin/JM3KFBCM3M0324641/?radius=25,45000
2021,Mazda,CX-5,Carbon Edition,SUV,22928.0,30710.0,0,1,Personal use,https://www.edmunds.com/mazda/cx-5/2021/vin/JM3KFBCM2M0413360/?radius=25,45000
2023,Mazda,CX-50,2.5 S Premium Plus,SUV,23900.0,12394.0,Insurance,1,Personal use,https://www.edmunds.com/mazda/cx-50/2023/vin/7MMVABEM8PN102055/?radius=25,15000
2021,Mazda,CX-5,Grand Touring,SUV,25995.0,13701.0,0,1,Personal use,https://www.edmunds.com/mazda/cx-5/2021/vin/JM3KFBDM1M1435052/?radius=25,45000
2021,Mazda,CX-5,Signature,SUV,25995.0,28915.0,0,1,Personal use,https://www.edmunds.com/mazda/cx-5/2021/vin/JM3KFBEY6M0469981/?radius=25,45000
2023,Mazda,CX-5,2.5 S Select,SUV,25828.0,3609.0,0,1,Personal use,https://www.edmunds.com/mazda/cx-5/2023/vin/JM3KFBBM3P0246450/?radius=25,15000
2021,Mazda,CX-5,Sport,SUV,21690.0,20381.0,0,1,Personal use,https://www.edmunds.com/mazda/cx-5/2021/vin/JM3KFBBM9M0350744/?radius=25,45000
2021,Mazda,CX-5,Sport,SUV,22495.0,17393.0,0,1,Personal use,https://www.edmunds.com/mazda/cx-5/2021/vin/JM3KFBBM1M0374567/?radius=25,45000
2021,Mazda,CX-5,Carbon Edition,SUV,25495.0,18695.0,0,1,Personal use,https://www.edmunds.com/mazda/cx-5/2021/vin/JM3KFBCM8M0451854/?radius=25,45000
2021,Mazda,CX-5,Touring,SUV,23387.0,23276.0,0,1,Personal use,https://www.edmunds.com/mazda/cx-5/2021/vin/JM3KFBCM8M0393129/?radius=25,45000
2023,Mazda,CX-5,2.5 S Select,SUV,25456.0,4433.0,0,1,Personal use,https://www.edmunds.com/mazda/cx-5/2023/vin/JM3KFBBMXP0258790/?radius=25,15000
2021,Mazda,CX-5,Grand Touring,SUV,25835.0,19016.0,0,1,Personal use,https://www.edmunds.com/mazda/cx-5/2021/vin/JM3KFBDM6M1432700/?radius=25,45000
2021,Mazda,CX-5,Touring,SUV,23903.0,14798.0,0,1,Personal use,https://www.edmunds.com/mazda/cx-5/2021/vin/JM3KFACM5M1324077/?radius=25,45000
2021,Mazda,CX-5,Touring,SUV,23495.0,22400.0,0,1,Personal use,https://www.edmunds.com/mazda/cx-5/2021/vin/JM3KFBCM2M0449453/?radius=25,45000
2021,Mazda,CX-5,Grand Touring,SUV,25407.0,2071.0,0,1,Personal use,https://www.edmunds.com/mazda/cx-5/2021/vin/JM3KFBDM1M0376087/?radius=25,45000
2021,Mazda,CX-5,Touring,SUV,22995.0,32071.0,0,1,Personal use,https://www.edmunds.com/mazda/cx-5/2021/vin/JM3KFBCM2M0376763/?radius=25,45000
2023,Mazda,CX-5,2.5 S,SUV,24945.0,4949.0,0,1,Personal use,https://www.edmunds.com/mazda/cx-5/2023/vin/JM3KFBAM6P0128135/?radius=25,15000
2021,Mazda,CX-5,Touring,SUV,22991.0,17028.0,0,1,Personal use,https://www.edmunds.com/mazda/cx-5/2021/vin/JM3KFACM1M0334563/?radius=25,45000
2021,Mazda,CX-5,Sport,SUV,21959.0,6022.0,0,1,Personal use,https://www.edmunds.com/mazda/cx-5/2021/vin/JM3KFBBM5M0332564/?radius=25,45000
2021,Mazda,CX-5,Touring,SUV,24998.0,12148.0,0,1,Personal use,https://www.edmunds.com/mazda/cx-5/2021/vin/JM3KFACM1M1354824/?radius=25,45000
2021,Mazda,CX-5,Touring,SUV,23995.0,24862.0,0,1,Personal use,https://www.edmunds.com/mazda/cx-5/2021/vin/JM3KFBCM0M1374021/?radius=25,45000
2021,Mazda,CX-5,Touring,SUV,19970.0,42937.0,0,1,Personal use,https://www.edmunds.com/mazda/cx-5/2021/vin/JM3KFBCMXM1312965/?radius=25,45000
2021,Mazda,CX-5,Sport,SUV,21998.0,21458.0,0,1,Personal use,https://www.edmunds.com/mazda/cx-5/2021/vin/JM3KFBBM8M0391799/?radius=25,45000
2021,Mazda,CX-5,Touring,SUV,22995.0,32676.0,0,1,Personal use,https://www.edmunds.com/mazda/cx-5/2021/vin/JM3KFBCM3M0451065/?radius=25,45000
2021,Mazda,CX-5,Touring,SUV,23921.0,13344.0,0,1,Personal use,https://www.edmunds.com/mazda/cx-5/2021/vin/JM3KFBCM9M0363511/?radius=25,45000
2021,Mazda,CX-5,Touring,SUV,24998.0,20460.0,0,1,Personal use,https://www.edmunds.com/mazda/cx-5/2021/vin/JM3KFACM8M0413227/?radius=25,45000
2022,Mazda,CX-5,2.5 S,SUV,23214.0,18669.0,0,1,Personal use,https://www.edmunds.com/mazda/cx-5/2022/vin/JM3KFBAM8N0576213/?radius=25,30000
2021,Mazda,CX-5,Sport,SUV,21998.0,22234.0,0,1,Personal use,https://www.edmunds.com/mazda/cx-5/2021/vin/JM3KFBBM1M1314766/?radius=25,45000
2021,Mazda,CX-5,Sport,SUV,20569.0,24003.0,0,1,Personal use,https://www.edmunds.com/mazda/cx-5/2021/vin/JM3KFBBM4M0350523/?radius=25,45000
2021,Mazda,CX-5,Touring,SUV,24998.0,10067.0,0,1,Personal use,https://www.edmunds.com/mazda/cx-5/2021/vin/JM3KFACM7M0450897/?radius=25,45000
2021,Mazda,CX-5,Touring,SUV,22428.0,26354.0,0,1,Personal use,https://www.edmunds.com/mazda/cx-5/2021/vin/JM3KFBCM0M0360206/?radius=25,45000
2021,Mazda,CX-5,Touring,SUV,22889.0,26445.0,0,1,Personal use,https://www.edmunds.com/mazda/cx-5/2021/vin/JM3KFBCM9M0333134/?radius=25,45000
2021,Mazda,CX-5,Carbon Edition,SUV,24896.0,17103.0,0,1,Personal use,https://www.edmunds.com/mazda/cx-5/2021/vin/JM3KFBCM1M0429839/?radius=25,45000
2022,Mazda,CX-5,2.5 S Preferred,SUV,25735.0,15597.0,0,1,Personal use,https://www.edmunds.com/mazda/cx-5/2022/vin/JM3KFBCM8N1563369/?radius=25,30000
2021,Mazda,CX-5,Touring,SUV,23490.0,7955.0,0,1,Personal use only,https://www.edmunds.com/mazda/cx-5/2021/vin/JM3KFACM2M1367131/?radius=25,45000
2020,Mazda,CX-5,Touring,SUV,21998.0,21206.0,0,1,Personal use,https://www.edmunds.com/mazda/cx-5/2020/vin/JM3KFBCM5L0863292/?radius=25,60000
2021,Mazda,CX-5,Touring,SUV,23219.0,25390.0,0,1,Personal use,https://www.edmunds.com/mazda/cx-5/2021/vin/JM3KFBCM3M1355656/?radius=25,45000
2021,Mazda,CX-5,Grand Touring,SUV,23628.0,31027.0,0,1,Personal use,https://www.edmunds.com/mazda/cx-5/2021/vin/JM3KFBDM5M1420909/?radius=25,45000
2021,Mazda,CX-5,Grand Touring,SUV,23828.0,30151.0,0,1,Personal use,https://www.edmunds.com/mazda/cx-5/2021/vin/JM3KFBDM6M1495991/?radius=25,45000
2021,Mazda,CX-5,Touring,SUV,22235.0,26225.0,0,1,Personal use,https://www.edmunds.com/mazda/cx-5/2021/vin/JM3KFBCM1M0372459/?radius=25,45000
2021,Mazda,CX-5,Touring,SUV,24342.0,13439.0,0,1,Personal use,https://www.edmunds.com/mazda/cx-5/2021/vin/JM3KFBCM1M1389238/?radius=25,45000
2021,Mazda,CX-5,Carbon Edition,SUV,25399.0,21287.0,0,1,Personal use,https://www.edmunds.com/mazda/cx-5/2021/vin/JM3KFBCM8M0364164/?radius=25,45000
2021,Mazda,CX-5,Grand Touring,SUV,25495.0,5888.0,0,1,Personal use,https://www.edmunds.com/mazda/cx-5/2021/vin/JM3KFBDM1M1479682/?radius=25,45000
2022,Mazda,CX-5,2.5 S Preferred,SUV,24828.0,17876.0,0,1,Personal use,https://www.edmunds.com/mazda/cx-5/2022/vin/JM3KFBCM3N1551923/?radius=25,30000
2021,Mazda,CX-5,Sport,SUV,20959.0,25915.0,0,1,Personal use,https://www.edmunds.com/mazda/cx-5/2021/vin/JM3KFBBM6M1315962/?radius=25,45000
2021,Mazda,CX-5,Touring,SUV,22428.0,32041.0,0,1,Personal use,https://www.edmunds.com/mazda/cx-5/2021/vin/JM3KFBCM2M0362667/?radius=25,45000
2021,Mazda,CX-5,Touring,SUV,23997.0,23089.0,0,1,Personal use,https://www.edmunds.com/mazda/cx-5/2021/vin/JM3KFBCM1M0380089/?radius=25,45000
2021,Mazda,CX-5,Touring,SUV,21404.0,43679.0,0,1,Personal use,https://www.edmunds.com/mazda/cx-5/2021/vin/JM3KFBCM6M1309576/?radius=25,45000
2021,Mazda,CX-5,Touring,SUV,22900.0,25038.0,0,1,Personal use,https://www.edmunds.com/mazda/cx-5/2021/vin/JM3KFBCM5M0333132/?radius=25,45000
2021,Mazda,CX-5,Touring,SUV,21588.0,37485.0,0,1,Personal use,https://www.edmunds.com/mazda/cx-5/2021/vin/JM3KFBCM4M0301921/?radius=25,45000
2021,Mazda,CX-5,Grand Touring,SUV,24998.0,21215.0,0,1,Personal use,https://www.edmunds.com/mazda/cx-5/2021/vin/JM3KFADM7M0379425/?radius=25,45000
2021,Mazda,CX-5,Touring,SUV,21998.0,33634.0,0,1,Personal use,https://www.edmunds.com/mazda/cx-5/2021/vin/JM3KFBCMXM1316935/?radius=25,45000
2021,Mazda,CX-5,Grand Touring,SUV,24740.0,18900.0,0,1,Personal use,https://www.edmunds.com/mazda/cx-5/2021/vin/JM3KFBDM3M1447414/?radius=25,45000
2021,Mazda,CX-5,Grand Touring,SUV,22928.0,31430.0,0,1,Personal use,https://www.edmunds.com/mazda/cx-5/2021/vin/JM3KFBDM0M0371754/?radius=25,45000
2021,Mazda,CX-5,Touring,SUV,22698.0,32149.0,0,1,Personal use,https://www.edmunds.com/mazda/cx-5/2021/vin/JM3KFBCM9M0326295/?radius=25,45000
2021,Mazda,CX-5,Sport,SUV,21995.0,34428.0,0,1,Personal use,https://www.edmunds.com/mazda/cx-5/2021/vin/JM3KFBBM2M0351301/?radius=25,45000
2020,Mazda,CX-5,Touring,SUV,22474.0,16600.0,0,1,Personal use only,https://www.edmunds.com/mazda/cx-5/2020/vin/JM3KFBCM3L1833458/?radius=25,60000
2021,Mazda,CX-5,Touring,SUV,22499.0,39634.0,0,1,Personal use,https://www.edmunds.com/mazda/cx-5/2021/vin/JM3KFBCM5M0411702/?radius=25,45000
2020,Mazda,CX-5,Touring,SUV,20444.0,37638.0,0,1,Personal use,https://www.edmunds.com/mazda/cx-5/2020/vin/JM3KFBCM5L1823353/?radius=25,60000
2021,Mazda,CX-5,Touring,SUV,21628.0,36560.0,0,1,Personal use only,https://www.edmunds.com/mazda/cx-5/2021/vin/JM3KFBCM8M0315269/?radius=25,45000
2020,Mazda,CX-5,Grand Touring,SUV,25998.0,30947.0,0,1,Personal use only,https://www.edmunds.com/mazda/cx-5/2020/vin/JM3KFBDM9L0761489/?radius=25,60000
2021,Mazda,CX-5,Touring,SUV,23795.0,28290.0,0,1,Personal use,https://www.edmunds.com/mazda/cx-5/2021/vin/JM3KFBCM4M0364419/?radius=25,45000
2021,Mazda,CX-5,Touring,SUV,24949.0,15785.0,0,1,Personal use,https://www.edmunds.com/mazda/cx-5/2021/vin/JM3KFBCM7M1399661/?radius=25,45000
2022,Mazda,CX-5,2.5 S,SUV,23297.0,22173.0,0,1,Personal use,https://www.edmunds.com/mazda/cx-5/2022/vin/JM3KFBAMXN0538434/?radius=25,30000
2021,Mazda,CX-5,Touring,SUV,21999.0,16550.0,0,1,Personal use,https://www.edmunds.com/mazda/cx-5/2021/vin/JM3KFBCM9M0332324/?radius=25,45000
2021,Mazda,CX-5,Touring,SUV,21991.0,31691.0,0,1,Personal use,https://www.edmunds.com/mazda/cx-5/2021/vin/JM3KFBCM7M0402578/?radius=25,45000
2020,Mazda,CX-5,Grand Touring,SUV,23899.0,26657.0,0,1,Personal use,https://www.edmunds.com/mazda/cx-5/2020/vin/JM3KFBDMXL1841572/?radius=25,60000
2021,Mazda,CX-5,Touring,SUV,22100.0,36068.0,0,1,Personal use,https://www.edmunds.com/mazda/cx-5/2021/vin/JM3KFBCM0M1332142/?radius=25,45000
2021,Mazda,CX-5,Touring,SUV,22128.0,37350.0,0,1,Personal use,https://www.edmunds.com/mazda/cx-5/2021/vin/JM3KFBCM3M0472630/?radius=25,45000
2021,Mazda,CX-5,Sport,SUV,21495.0,28353.0,0,1,Personal use,https://www.edmunds.com/mazda/cx-5/2021/vin/JM3KFBBM3M0415202/?radius=25,45000
2021,Mazda,CX-5,Touring,SUV,24998.0,23867.0,0,1,Personal use,https://www.edmunds.com/mazda/cx-5/2021/vin/JM3KFBCM8M1462699/?radius=25,45000
2021,Mazda,CX-5,Carbon Edition,SUV,25998.0,12036.0,0,1,Personal use,https://www.edmunds.com/mazda/cx-5/2021/vin/JM3KFBCM1M0400082/?radius=25,45000
2020,Mazda,CX-5,Grand Touring Reserve,SUV,22224.0,59046.0,0,1,Personal use,https://www.edmunds.com/mazda/cx-5/2020/vin/JM3KFBAY2L0753113/?radius=25,60000
2021,Mazda,CX-5,Touring,SUV,25998.0,22039.0,0,1,Personal use only,https://www.edmunds.com/mazda/cx-5/2021/vin/JM3KFBCM3M1306442/?radius=25,45000
2021,Mazda,CX-5,Touring,SUV,22628.0,29424.0,0,1,Personal use,https://www.edmunds.com/mazda/cx-5/2021/vin/JM3KFBCM6M0373882/?radius=25,45000
2021,Mazda,CX-5,Touring,SUV,21595.0,37858.0,0,1,Personal use,https://www.edmunds.com/mazda/cx-5/2021/vin/JM3KFBCMXM0377661/?radius=25,45000
2021,Mazda,CX-5,Grand Touring,SUV,23999.0,40997.0,0,1,Personal use,https://www.edmunds.com/mazda/cx-5/2021/vin/JM3KFBDM6M0302373/?radius=25,45000
2021,Mazda,CX-5,Touring,SUV,23271.0,35715.0,0,1,Personal use,https://www.edmunds.com/mazda/cx-5/2021/vin/JM3KFBCM5M1393437/?radius=25,45000
2021,Mazda,CX-5,Touring,SUV,22882.0,28623.0,0,1,Personal use,https://www.edmunds.com/mazda/cx-5/2021/vin/JM3KFBCM2M0367903/?radius=25,45000
2022,Mazda,CX-5,2.5 S,SUV,23962.0,7466.0,0,1,Personal use,https://www.edmunds.com/mazda/cx-5/2022/vin/JM3KFBAMXN0577251/?radius=25,30000
2021,Mazda,CX-5,Touring,SUV,22995.0,31274.0,0,1,Personal use,https://www.edmunds.com/mazda/cx-5/2021/vin/JM3KFBCM9M1364667/?radius=25,45000
2020,Mazda,CX-5,Grand Touring,SUV,21788.0,47021.0,0,1,Rental vehicle,https://www.edmunds.com/mazda/cx-5/2020/vin/JM3KFADM8L0738117/?radius=25,60000
2021,Mazda,CX-5,Touring,SUV,23495.0,21653.0,0,1,Personal use,https://www.edmunds.com/mazda/cx-5/2021/vin/JM3KFBCM8M1446244/?radius=25,45000
2021,Mazda,CX-5,Grand Touring,SUV,25995.0,21893.0,0,1,Personal use,https://www.edmunds.com/mazda/cx-5/2021/vin/JM3KFBDM8M0420702/?radius=25,45000
2022,Mazda,CX-5,2.5 S Select,SUV,24259.0,25993.0,0,1,Personal use,https://www.edmunds.com/mazda/cx-5/2022/vin/JM3KFBBM7N1578365/?radius=25,30000
2020,Mazda,CX-5,Grand Touring,SUV,23300.0,31275.0,0,1,Personal use,https://www.edmunds.com/mazda/cx-5/2020/vin/JM3KFBDM2L0808782/?radius=25,60000
2022,Mazda,CX-5,2.5 S Preferred,SUV,24488.0,28475.0,0,1,Personal use,https://www.edmunds.com/mazda/cx-5/2022/vin/JM3KFBCM4N1521247/?radius=25,30000
2021,Mazda,CX-5,Touring,SUV,24299.0,11401.0,0,1,Personal use,https://www.edmunds.com/mazda/cx-5/2021/vin/JM3KFBCM2M0418168/?radius=25,45000
2022,Mazda,CX-5,2.5 S Preferred,SUV,25488.0,24028.0,0,1,Personal use only,https://www.edmunds.com/mazda/cx-5/2022/vin/JM3KFBCM5N0582354/?radius=25,30000
2022,Mazda,CX-5,2.5 S Premium Plus,SUV,25590.0,25456.0,0,1,Personal use,https://www.edmunds.com/mazda/cx-5/2022/vin/JM3KFBEM5N0536679/?radius=25,30000
2021,Mazda,CX-5,Touring,SUV,21492.0,36567.0,0,1,Personal use,https://www.edmunds.com/mazda/cx-5/2021/vin/JM3KFBCM6M0400952/?radius=25,45000
2021,Mazda,CX-5,Touring,SUV,22995.0,23318.0,0,1,Personal use,https://www.edmunds.com/mazda/cx-5/2021/vin/JM3KFBCM7M1390023/?radius=25,45000
2021,Mazda,CX-5,Grand Touring,SUV,24998.0,23907.0,0,1,Personal use only,https://www.edmunds.com/mazda/cx-5/2021/vin/JM3KFBDM9M1303365/?radius=25,45000
2021,Mazda,CX-5,Sport,SUV,22998.0,29543.0,0,1,Personal use,https://www.edmunds.com/mazda/cx-5/2021/vin/JM3KFABM2M0408431/?radius=25,45000
2020,Mazda,CX-5,Touring,SUV,25990.0,9593.0,0,1,Personal use,https://www.edmunds.com/mazda/cx-5/2020/vin/JM3KFACM2L1835227/?radius=25,60000
2021,Mazda,CX-5,Grand Touring,SUV,24107.0,36400.0,0,1,Personal use,https://www.edmunds.com/mazda/cx-5/2021/vin/JM3KFBDMXM0413167/?radius=25,45000
2021,Mazda,CX-5,Touring,SUV,23995.0,27140.0,0,1,Personal use,https://www.edmunds.com/mazda/cx-5/2021/vin/JM3KFBCM7M1340593/?radius=25,45000
2021,Mazda,CX-5,Grand Touring,SUV,25276.0,19265.0,0,1,Personal use,https://www.edmunds.com/mazda/cx-5/2021/vin/JM3KFBDM2M0470754/?radius=25,45000
2020,Mazda,CX-5,Grand Touring,SUV,22628.0,38201.0,0,1,Personal use only,https://www.edmunds.com/mazda/cx-5/2020/vin/JM3KFBDM9L1820390/?radius=25,60000
2021,Mazda,CX-5,Grand Touring,SUV,25995.0,26261.0,0,1,Personal use,https://www.edmunds.com/mazda/cx-5/2021/vin/JM3KFBDMXM0352127/?radius=25,45000
2021,Mazda,CX-5,Touring,SUV,23997.0,29275.0,0,1,Personal use,https://www.edmunds.com/mazda/cx-5/2021/vin/JM3KFBCM6M0410199/?radius=25,45000
2021,Mazda,CX-5,Grand Touring,SUV,24459.0,26819.0,0,1,Personal use,https://www.edmunds.com/mazda/cx-5/2021/vin/JM3KFBDM5M0378134/?radius=25,45000
2021,Mazda,CX-5,Touring,SUV,24499.0,12090.0,0,1,Personal use,https://www.edmunds.com/mazda/cx-5/2021/vin/JM3KFBCM9M0321288/?radius=25,45000
2021,Mazda,CX-5,Touring,SUV,24299.0,12858.0,0,1,Personal use,https://www.edmunds.com/mazda/cx-5/2021/vin/JM3KFBCM4M1390075/?radius=25,45000
2021,Mazda,CX-5,Touring,SUV,25998.0,27666.0,0,1,Personal use,https://www.edmunds.com/mazda/cx-5/2021/vin/JM3KFBCMXM1379162/?radius=25,45000
2021,Mazda,CX-5,Touring,SUV,24299.0,12268.0,0,1,Personal use,https://www.edmunds.com/mazda/cx-5/2021/vin/JM3KFBCM5M0378989/?radius=25,45000
2020,Mazda,CX-5,Grand Touring,SUV,25998.0,27725.0,0,1,Personal use,https://www.edmunds.com/mazda/cx-5/2020/vin/JM3KFBDM5L0849827/?radius=25,60000
2021,Mazda,CX-5,Grand Touring,SUV,25849.0,15015.0,0,1,Personal use,https://www.edmunds.com/mazda/cx-5/2021/vin/JM3KFBDM8M1461759/?radius=25,45000
2022,Mazda,CX-5,2.5 S Premium Plus,SUV,25590.0,27549.0,0,1,Personal use,https://www.edmunds.com/mazda/cx-5/2022/vin/JM3KFBEM7N1632811/?radius=25,30000
2021,Mazda,CX-5,Touring,SUV,19990.0,44994.0,0,1,Personal use,https://www.edmunds.com/mazda/cx-5/2021/vin/JM3KFACM2M0462360/?radius=25,45000
2021,Mazda,CX-5,Grand Touring,SUV,24995.0,23569.0,0,1,Personal use,https://www.edmunds.com/mazda/cx-5/2021/vin/JM3KFBDM5M1306313/?radius=25,45000
2021,Mazda,CX-5,Sport,SUV,22199.0,20230.0,0,1,Personal use,https://www.edmunds.com/mazda/cx-5/2021/vin/JM3KFBBM8M0353585/?radius=25,45000
2020,Mazda,CX-5,Touring,SUV,24998.0,30216.0,0,1,Personal use,https://www.edmunds.com/mazda/cx-5/2020/vin/JM3KFBCMXL1798157/?radius=25,60000
2021,Mazda,CX-5,Touring,SUV,24998.0,31331.0,0,1,Personal use,https://www.edmunds.com/mazda/cx-5/2021/vin/JM3KFBCM8M0376735/?radius=25,45000
2021,Mazda,CX-5,Grand Touring,SUV,25998.0,29610.0,0,1,Personal use,https://www.edmunds.com/mazda/cx-5/2021/vin/JM3KFADM5M1367039/?radius=25,45000
2020,Mazda,CX-5,Grand Touring,SUV,24998.0,41200.0,0,1,Personal use only,https://www.edmunds.com/mazda/cx-5/2020/vin/JM3KFBDM6L0841400/?radius=25,60000
2021,Mazda,CX-5,Touring,SUV,23957.0,19081.0,0,1,Personal use,https://www.edmunds.com/mazda/cx-5/2021/vin/JM3KFBCM6M1373066/?radius=25,45000
2020,Mazda,CX-5,Grand Touring,SUV,25998.0,38729.0,0,1,Personal use only,https://www.edmunds.com/mazda/cx-5/2020/vin/JM3KFBDMXL0846017/?radius=25,60000
2021,Mazda,CX-5,Sport,SUV,21998.0,44428.0,0,1,Personal use only,https://www.edmunds.com/mazda/cx-5/2021/vin/JM3KFABM0M1334341/?radius=25,45000
2021,Mazda,CX-5,Touring,SUV,24998.0,36101.0,0,1,Personal use,https://www.edmunds.com/mazda/cx-5/2021/vin/JM3KFBCM3M1436723/?radius=25,45000
2020,Mazda,CX-5,Grand Touring,SUV,22964.0,43261.0,0,1,Corporate fleet vehicle,https://www.edmunds.com/mazda/cx-5/2020/vin/JM3KFBDM4L1727020/?radius=25,60000
2021,Mazda,CX-5,Touring,SUV,21990.0,35641.0,0,1,Personal use,https://www.edmunds.com/mazda/cx-5/2021/vin/JM3KFBCM5M0448930/?radius=25,45000
2021,Mazda,CX-5,Carbon Edition,SUV,24991.0,34442.0,0,1,Personal use,https://www.edmunds.com/mazda/cx-5/2021/vin/JM3KFACM1M0385657/?radius=25,45000
2022,Mazda,CX-5,2.5 S Preferred,SUV,25801.0,18200.0,0,1,Personal use,https://www.edmunds.com/mazda/cx-5/2022/vin/JM3KFBCM8N0560140/?radius=25,30000
2020,Mazda,CX-5,Touring,SUV,23500.0,21952.0,0,1,Personal use only,https://www.edmunds.com/mazda/cx-5/2020/vin/JM3KFBCM5L0868492/?radius=25,60000
2022,Mazda,CX-5,2.5 S Select,SUV,24998.0,12702.0,0,1,Personal use only,https://www.edmunds.com/mazda/cx-5/2022/vin/JM3KFBBM2N0581826/?radius=25,30000
2021,Mazda,CX-5,Grand Touring,SUV,24945.0,18809.0,0,1,Personal use,https://www.edmunds.com/mazda/cx-5/2021/vin/JM3KFBDM1M1338983/?radius=25,45000
2021,Mazda,CX-5,Touring,SUV,25900.0,14385.0,0,1,Personal use,https://www.edmunds.com/mazda/cx-5/2021/vin/JM3KFBCM9M0360821/?radius=25,45000
2021,Mazda,CX-5,Touring,SUV,24998.0,16110.0,0,1,Personal use,https://www.edmunds.com/mazda/cx-5/2021/vin/JM3KFACM5M0374838/?radius=25,45000
2021,Mazda,CX-5,Touring,SUV,25590.0,18035.0,0,1,Personal use,https://www.edmunds.com/mazda/cx-5/2021/vin/JM3KFACM3M0444434/?radius=25,45000
2021,Mazda,CX-5,Touring,SUV,23959.0,19553.0,0,1,Personal use,https://www.edmunds.com/mazda/cx-5/2021/vin/JM3KFBCMXM0404938/?radius=25,45000
2021,Mazda,CX-5,Carbon Edition,SUV,25202.0,23226.0,0,1,Personal use,https://www.edmunds.com/mazda/cx-5/2021/vin/JM3KFBCM7M0391601/?radius=25,45000
2021,Mazda,CX-5,Touring,SUV,25998.0,18580.0,0,1,Personal use,https://www.edmunds.com/mazda/cx-5/2021/vin/JM3KFBCM8M1333524/?radius=25,45000
2021,Mazda,CX-5,Touring,SUV,23900.0,29755.0,0,1,Personal use,https://www.edmunds.com/mazda/cx-5/2021/vin/JM3KFBCM4M0376778/?radius=25,45000
2021,Mazda,CX-5,Touring,SUV,24998.0,19875.0,0,1,Personal use,https://www.edmunds.com/mazda/cx-5/2021/vin/JM3KFACM3M0450346/?radius=25,45000
2021,Mazda,CX-5,Touring,SUV,23900.0,29450.0,0,1,Personal use,https://www.edmunds.com/mazda/cx-5/2021/vin/JM3KFBCM4M1364981/?radius=25,45000
2021,Mazda,CX-5,Grand Touring,SUV,24945.0,25479.0,0,1,Personal use,https://www.edmunds.com/mazda/cx-5/2021/vin/JM3KFBDM8M0402376/?radius=25,45000
2020,Mazda,CX-5,Grand Touring,SUV,25998.0,19499.0,0,1,Personal use,https://www.edmunds.com/mazda/cx-5/2020/vin/JM3KFADM4L0736994/?radius=25,60000
2021,Mazda,CX-5,Sport,SUV,21595.0,26805.0,0,1,Personal use,https://www.edmunds.com/mazda/cx-5/2021/vin/JM3KFBBM4M0360940/?radius=25,45000
2021,Mazda,CX-5,Grand Touring,SUV,25743.0,21175.0,0,1,Personal use,https://www.edmunds.com/mazda/cx-5/2021/vin/JM3KFBDM7M0363408/?radius=25,45000
2021,Mazda,CX-5,Touring,SUV,22671.0,36127.0,0,1,Personal use,https://www.edmunds.com/mazda/cx-5/2021/vin/JM3KFBCM4M0379003/?radius=25,45000
2021,Mazda,CX-5,Sport,SUV,23998.0,23386.0,0,1,Personal use,https://www.edmunds.com/mazda/cx-5/2021/vin/JM3KFABM1M0335472/?radius=25,45000
2022,Mazda,CX-5,2.5 S Select,SUV,25998.0,20874.0,0,1,Personal use,https://www.edmunds.com/mazda/cx-5/2022/vin/JM3KFBBM1N1622473/?radius=25,30000
2021,Mazda,CX-5,Touring,SUV,21945.0,30963.0,0,1,Personal use,https://www.edmunds.com/mazda/cx-5/2021/vin/JM3KFBCM4M0365375/?radius=25,45000
2020,Mazda,CX-5,Touring,SUV,24998.0,23658.0,0,1,Personal use,https://www.edmunds.com/mazda/cx-5/2020/vin/JM3KFACM7L0839876/?radius=25,60000
2021,Mazda,CX-5,Touring,SUV,23495.0,30760.0,0,1,Personal use,https://www.edmunds.com/mazda/cx-5/2021/vin/JM3KFBCMXM0376221/?radius=25,45000
2022,Mazda,CX-5,2.5 S,SUV,23998.0,25479.0,0,1,Personal use,https://www.edmunds.com/mazda/cx-5/2022/vin/JM3KFBAM3N0539554/?radius=25,30000
2021,Mazda,CX-5,Touring,SUV,24998.0,24269.0,0,1,Personal use,https://www.edmunds.com/mazda/cx-5/2021/vin/JM3KFACM4M0380730/?radius=25,45000
2021,Mazda,CX-5,Touring,SUV,22759.0,28403.0,0,1,Personal use,https://www.edmunds.com/mazda/cx-5/2021/vin/JM3KFBCMXM0333403/?radius=25,45000
2021,Mazda,CX-5,Sport,SUV,22900.0,28750.0,0,1,Personal use,https://www.edmunds.com/mazda/cx-5/2021/vin/JM3KFBBMXM1332795/?radius=25,45000
2021,Mazda,CX-5,Grand Touring,SUV,25998.0,23912.0,0,1,Personal use,https://www.edmunds.com/mazda/cx-5/2021/vin/JM3KFADM3M1306465/?radius=25,45000
2021,Mazda,CX-5,Grand Touring,SUV,25998.0,24530.0,0,1,Personal use,https://www.edmunds.com/mazda/cx-5/2021/vin/JM3KFADM8M0350080/?radius=25,45000
2020,Mazda,CX-5,Grand Touring,SUV,23395.0,29270.0,0,1,Personal use,https://www.edmunds.com/mazda/cx-5/2020/vin/JM3KFBDM2L1771713/?radius=25,60000
2021,Mazda,CX-5,Grand Touring,SUV,25998.0,24935.0,0,1,Personal use,https://www.edmunds.com/mazda/cx-5/2021/vin/JM3KFADM2M0311081/?radius=25,45000
2021,Mazda,CX-5,Grand Touring,SUV,25959.0,25414.0,0,1,Personal use,https://www.edmunds.com/mazda/cx-5/2021/vin/JM3KFBDM6M1367525/?radius=25,45000
2021,Mazda,CX-5,Grand Touring,SUV,25998.0,28440.0,0,1,Personal use,https://www.edmunds.com/mazda/cx-5/2021/vin/JM3KFADM7M0397861/?radius=25,45000
2021,Mazda,CX-5,Touring,SUV,23000.0,28548.0,0,1,Personal use,https://www.edmunds.com/mazda/cx-5/2021/vin/JM3KFBCM0M1309363/?radius=25,45000
2021,Mazda,CX-5,Touring,SUV,25998.0,26504.0,0,1,Personal use,https://www.edmunds.com/mazda/cx-5/2021/vin/JM3KFACM3M1375447/?radius=25,45000
2020,Mazda,CX-5,Grand Touring,SUV,24300.0,35873.0,0,1,Personal use,https://www.edmunds.com/mazda/cx-5/2020/vin/JM3KFBDM5L0869009/?radius=25,60000
2021,Mazda,CX-5,Grand Touring,SUV,25799.0,10670.0,0,1,Personal use,https://www.edmunds.com/mazda/cx-5/2021/vin/JM3KFBDM5M0378151/?radius=25,45000
2020,Mazda,CX-5,Touring,SUV,24998.0,28750.0,0,1,Personal use only,https://www.edmunds.com/mazda/cx-5/2020/vin/JM3KFACM9L0808077/?radius=25,60000
2020,Mazda,CX-5,Touring,SUV,24998.0,29004.0,0,1,Personal use only,https://www.edmunds.com/mazda/cx-5/2020/vin/JM3KFACM1L0730698/?radius=25,60000
2021,Mazda,CX-5,Grand Touring,SUV,24998.0,29160.0,0,1,Personal use,https://www.edmunds.com/mazda/cx-5/2021/vin/JM3KFADM3M1342396/?radius=25,45000
2021,Mazda,CX-5,Touring,SUV,24147.0,31177.0,0,1,Personal use,https://www.edmunds.com/mazda/cx-5/2021/vin/JM3KFBCM8M0447156/?radius=25,45000
2021,Mazda,CX-5,Grand Touring,SUV,25998.0,28394.0,0,1,Personal use,https://www.edmunds.com/mazda/cx-5/2021/vin/JM3KFBDM3M1340671/?radius=25,45000
2021,Mazda,CX-5,Touring,SUV,24998.0,32011.0,0,1,Personal use only,https://www.edmunds.com/mazda/cx-5/2021/vin/JM3KFACM7M0405779/?radius=25,45000
2021,Mazda,CX-5,Grand Touring,SUV,25998.0,30313.0,0,1,Personal use,https://www.edmunds.com/mazda/cx-5/2021/vin/JM3KFBDM4M0360756/?radius=25,45000
2021,Mazda,CX-5,Touring,SUV,23590.0,42459.0,0,1,Rental vehicle,https://www.edmunds.com/mazda/cx-5/2021/vin/JM3KFBCM4M0357325/?radius=25,45000
2021,Mazda,CX-5,Touring,SUV,25998.0,32051.0,0,1,Personal use,https://www.edmunds.com/mazda/cx-5/2021/vin/JM3KFBCM7M0435760/?radius=25,45000
2021,Mazda,CX-5,Touring,SUV,24998.0,34106.0,0,1,Personal use,https://www.edmunds.com/mazda/cx-5/2021/vin/JM3KFACM2M0408475/?radius=25,45000
2021,Mazda,CX-5,Touring,SUV,24297.0,36677.0,0,1,Personal use,https://www.edmunds.com/mazda/cx-5/2021/vin/JM3KFBCM3M0383026/?radius=25,45000
2021,Mazda,CX-5,Touring,SUV,23974.0,23839.0,0,1,Personal use,https://www.edmunds.com/mazda/cx-5/2021/vin/JM3KFBCM9M1386006/?radius=25,45000
2021,Mazda,CX-5,Touring,SUV,23336.0,18863.0,0,1,Personal use,https://www.edmunds.com/mazda/cx-5/2021/vin/JM3KFBCM7M0302433/?radius=25,45000
2020,Mazda,CX-5,Touring,SUV,21998.0,52736.0,0,1,Personal use,https://www.edmunds.com/mazda/cx-5/2020/vin/JM3KFACM0L0866109/?radius=25,60000
2020,Mazda,CX-5,Grand Touring,SUV,23998.0,41402.0,0,1,Corporate fleet vehicle,https://www.edmunds.com/mazda/cx-5/2020/vin/JM3KFADM8L1833884/?radius=25,60000
2021,Mazda,CX-5,Touring,SUV,24736.0,17518.0,0,1,Personal use,https://www.edmunds.com/mazda/cx-5/2021/vin/JM3KFBCMXM0413106/?radius=25,45000
2021,Mazda,CX-5,Touring,SUV,24998.0,42908.0,0,1,Personal use only,https://www.edmunds.com/mazda/cx-5/2021/vin/JM3KFBCM9M0458344/?radius=25,45000
2021,Mazda,CX-5,Touring,SUV,23199.0,30238.0,0,1,Personal use,https://www.edmunds.com/mazda/cx-5/2021/vin/JM3KFBCM0M0319753/?radius=25,45000
2021,Mazda,CX-5,Sport,SUV,20880.0,42171.0,0,1,Corporate fleet vehicle,https://www.edmunds.com/mazda/cx-5/2021/vin/JM3KFBBM0M0350955/?radius=25,45000
2021,Mazda,CX-5,Sport,SUV,24998.0,7799.0,0,1,Personal use only,https://www.edmunds.com/mazda/cx-5/2021/vin/JM3KFABM0M1379084/?radius=25,45000
2021,Mazda,CX-5,Touring,SUV,25998.0,6584.0,0,1,Personal use,https://www.edmunds.com/mazda/cx-5/2021/vin/JM3KFACM6M0394323/?radius=25,45000
2022,Mazda,CX-5,2.5 S,SUV,25998.0,11003.0,0,1,Personal use only,https://www.edmunds.com/mazda/cx-5/2022/vin/JM3KFBAM1N0621802/?radius=25,30000
2021,Mazda,CX-5,Touring,SUV,25998.0,11785.0,0,1,Personal use,https://www.edmunds.com/mazda/cx-5/2021/vin/JM3KFACM1M0418544/?radius=25,45000
2021,Mazda,CX-5,Touring,SUV,25998.0,12463.0,0,1,Personal use,https://www.edmunds.com/mazda/cx-5/2021/vin/JM3KFACMXM1394013/?radius=25,45000
2021,Mazda,CX-5,Sport,SUV,24998.0,15256.0,0,1,Corporate fleet vehicle,https://www.edmunds.com/mazda/cx-5/2021/vin/JM3KFBBM4M0368312/?radius=25,45000
2022,Mazda,CX-5,2.5 S Select,SUV,25998.0,13425.0,0,1,Personal use,https://www.edmunds.com/mazda/cx-5/2022/vin/JM3KFBBMXN0623143/?radius=25,30000
2022,Mazda,CX-5,2.5 S,SUV,25998.0,15394.0,0,1,Personal use only,https://www.edmunds.com/mazda/cx-5/2022/vin/JM3KFBAMXN0609678/?radius=25,30000
2021,Mazda,CX-5,Sport,SUV,25998.0,15960.0,0,1,Personal use,https://www.edmunds.com/mazda/cx-5/2021/vin/JM3KFBBM5M1351755/?radius=25,45000
2020,Mazda,CX-5,Touring,SUV,23998.0,19475.0,0,1,Personal use,https://www.edmunds.com/mazda/cx-5/2020/vin/JM3KFACM3L0794404/?radius=25,60000
2020,Mazda,CX-5,Sport,SUV,22998.0,21219.0,0,1,Personal use,https://www.edmunds.com/mazda/cx-5/2020/vin/JM3KFBBM3L0762091/?radius=25,60000
2021,Mazda,CX-5,Touring,SUV,25998.0,17090.0,0,1,Personal use,https://www.edmunds.com/mazda/cx-5/2021/vin/JM3KFACM7M1312366/?radius=25,45000
2021,Mazda,CX-5,Grand Touring,SUV,25995.0,19657.0,0,1,Personal use,https://www.edmunds.com/mazda/cx-5/2021/vin/JM3KFBDM1M0457672/?radius=25,45000
2021,Mazda,CX-5,Sport,SUV,24998.0,18523.0,0,1,Personal use,https://www.edmunds.com/mazda/cx-5/2021/vin/JM3KFABM2M0393607/?radius=25,45000
2021,Mazda,CX-5,Touring,SUV,24998.0,20850.0,0,1,Personal use,https://www.edmunds.com/mazda/cx-5/2021/vin/JM3KFACMXM0445564/?radius=25,45000
2022,Mazda,CX-5,2.5 S,SUV,25998.0,19336.0,0,1,Personal use,https://www.edmunds.com/mazda/cx-5/2022/vin/JM3KFBAMXN0562894/?radius=25,30000
2021,Mazda,CX-5,Touring,SUV,24900.0,21007.0,0,1,Personal use,https://www.edmunds.com/mazda/cx-5/2021/vin/JM3KFBCM8M1393402/?radius=25,45000
2021,Mazda,CX-5,Touring,SUV,24998.0,21529.0,0,1,Personal use,https://www.edmunds.com/mazda/cx-5/2021/vin/JM3KFACM3M0384929/?radius=25,45000
2020,Mazda,CX-5,Touring,SUV,24998.0,21440.0,0,1,Personal use,https://www.edmunds.com/mazda/cx-5/2020/vin/JM3KFACM9L0862057/?radius=25,60000
2021,Mazda,CX-5,Touring,SUV,25998.0,20899.0,0,1,Personal use,https://www.edmunds.com/mazda/cx-5/2021/vin/JM3KFBCM0M1331413/?radius=25,45000
2021,Mazda,CX-5,Touring,SUV,24998.0,23049.0,0,1,Personal use,https://www.edmunds.com/mazda/cx-5/2021/vin/JM3KFACM2M0378619/?radius=25,45000
2021,Mazda,CX-5,Touring,SUV,25998.0,21769.0,0,1,Personal use only,https://www.edmunds.com/mazda/cx-5/2021/vin/JM3KFACM6M0404753/?radius=25,45000
2020,Mazda,CX-5,Touring,SUV,23998.0,24639.0,0,1,Personal use,https://www.edmunds.com/mazda/cx-5/2020/vin/JM3KFACM5L0841819/?radius=25,60000
2021,Mazda,CX-5,Sport,SUV,22998.0,27499.0,0,1,Personal use,https://www.edmunds.com/mazda/cx-5/2021/vin/JM3KFABM7M0371408/?radius=25,45000
2021,Mazda,CX-5,Touring,SUV,25998.0,22181.0,0,1,Personal use only,https://www.edmunds.com/mazda/cx-5/2021/vin/JM3KFBCM8M0443222/?radius=25,45000
2020,Mazda,CX-5,Touring,SUV,23590.0,28410.0,0,1,Personal use only,https://www.edmunds.com/mazda/cx-5/2020/vin/JM3KFACM8L0833603/?radius=25,60000
2021,Mazda,CX-5,Touring,SUV,24998.0,24129.0,0,1,Personal use,https://www.edmunds.com/mazda/cx-5/2021/vin/JM3KFACM4M0442482/?radius=25,45000
2021,Mazda,CX-5,Touring,SUV,25998.0,21953.0,0,1,Personal use,https://www.edmunds.com/mazda/cx-5/2021/vin/JM3KFBCM8M1311863/?radius=25,45000
2021,Mazda,CX-5,Touring,SUV,25590.0,23576.0,0,1,Personal use,https://www.edmunds.com/mazda/cx-5/2021/vin/JM3KFBCM1M1398084/?radius=25,45000
2020,Mazda,CX-5,Grand Touring,SUV,25998.0,23299.0,0,1,Personal use only,https://www.edmunds.com/mazda/cx-5/2020/vin/JM3KFADM6L0795304/?radius=25,60000
2021,Mazda,CX-5,Touring,SUV,23998.0,26223.0,0,1,Personal use,https://www.edmunds.com/mazda/cx-5/2021/vin/JM3KFACM7M1314232/?radius=25,45000
2021,Mazda,CX-5,Sport,SUV,24998.0,24669.0,0,1,Personal use,https://www.edmunds.com/mazda/cx-5/2021/vin/JM3KFABM0M0310532/?radius=25,45000
2021,Mazda,CX-5,Touring,SUV,25998.0,23711.0,0,1,Personal use,https://www.edmunds.com/mazda/cx-5/2021/vin/JM3KFACM6M0376498/?radius=25,45000
2021,Mazda,CX-5,Touring,SUV,25194.0,35931.0,0,1,Personal use,https://www.edmunds.com/mazda/cx-5/2021/vin/JM3KFBCMXM1336411/?radius=25,45000
2021,Mazda,CX-5,Sport,SUV,22493.0,29947.0,0,1,Personal use,https://www.edmunds.com/mazda/cx-5/2021/vin/JM3KFBBM5M0309902/?radius=25,45000
2021,Mazda,CX-5,Sport,SUV,25998.0,24363.0,0,1,Personal use,https://www.edmunds.com/mazda/cx-5/2021/vin/JM3KFBBM0M0305482/?radius=25,45000
2021,Mazda,CX-5,Touring,SUV,25998.0,24782.0,0,1,Personal use,https://www.edmunds.com/mazda/cx-5/2021/vin/JM3KFBCM5M1314915/?radius=25,45000
2021,Mazda,CX-5,Grand Touring,SUV,25998.0,24802.0,0,1,Personal use,https://www.edmunds.com/mazda/cx-5/2021/vin/JM3KFADM2M1317893/?radius=25,45000
2021,Mazda,CX-5,Touring,SUV,25998.0,24650.0,0,1,Personal use,https://www.edmunds.com/mazda/cx-5/2021/vin/JM3KFACMXM0305532/?radius=25,45000
2020,Mazda,CX-5,Sport,SUV,23998.0,27964.0,0,1,Personal use,https://www.edmunds.com/mazda/cx-5/2020/vin/JM3KFABM9L0730336/?radius=25,60000
2021,Mazda,CX-5,Touring,SUV,25998.0,25136.0,0,1,Personal use,https://www.edmunds.com/mazda/cx-5/2021/vin/JM3KFBCM8M1343129/?radius=25,45000
2021,Mazda,CX-5,Sport,SUV,23998.0,28000.0,0,1,Personal use,https://www.edmunds.com/mazda/cx-5/2021/vin/JM3KFABM1M0400532/?radius=25,45000
2020,Mazda,CX-5,Touring,SUV,25998.0,25391.0,0,1,Personal use,https://www.edmunds.com/mazda/cx-5/2020/vin/JM3KFBCM6L0796511/?radius=25,60000
2021,Mazda,CX-5,Sport,SUV,22998.0,30289.0,0,1,Personal use,https://www.edmunds.com/mazda/cx-5/2021/vin/JM3KFABM2M0366844/?radius=25,45000
2021,Mazda,CX-5,Touring,SUV,24900.0,27465.0,0,1,Personal use,https://www.edmunds.com/mazda/cx-5/2021/vin/JM3KFBCM0M0357421/?radius=25,45000
2021,Mazda,CX-5,Touring,SUV,25998.0,25512.0,0,1,Personal use,https://www.edmunds.com/mazda/cx-5/2021/vin/JM3KFACM1M0401825/?radius=25,45000
2020,Mazda,CX-5,Touring,SUV,24998.0,27003.0,0,1,Personal use,https://www.edmunds.com/mazda/cx-5/2020/vin/JM3KFACM9L0788266/?radius=25,60000
2021,Mazda,CX-5,Sport,SUV,25998.0,25656.0,0,1,Personal use,https://www.edmunds.com/mazda/cx-5/2021/vin/JM3KFBBM9M0335130/?radius=25,45000
2020,Mazda,CX-5,Touring,SUV,25998.0,25854.0,0,1,Personal use only,https://www.edmunds.com/mazda/cx-5/2020/vin/JM3KFBCM7L0860250/?radius=25,60000
2021,Mazda,CX-5,Touring,SUV,25590.0,26928.0,0,1,Personal use,https://www.edmunds.com/mazda/cx-5/2021/vin/JM3KFBCM4M0470935/?radius=25,45000
2021,Mazda,CX-5,Touring,SUV,24593.0,28420.0,0,1,Personal use,https://www.edmunds.com/mazda/cx-5/2021/vin/JM3KFBCM7M0376032/?radius=25,45000
2021,Mazda,CX-5,Touring,SUV,24998.0,27923.0,0,1,Personal use,https://www.edmunds.com/mazda/cx-5/2021/vin/JM3KFBCM1M0474604/?radius=25,45000
2020,Mazda,CX-5,Sport,SUV,23998.0,29791.0,0,1,Personal use,https://www.edmunds.com/mazda/cx-5/2020/vin/JM3KFBBM3L0833614/?radius=25,60000
2021,Mazda,CX-5,Grand Touring,SUV,25894.0,26863.0,0,1,Personal use,https://www.edmunds.com/mazda/cx-5/2021/vin/JM3KFBDM9M0337473/?radius=25,45000
2021,Mazda,CX-5,Touring,SUV,25998.0,26346.0,0,1,Personal use,https://www.edmunds.com/mazda/cx-5/2021/vin/JM3KFBCM2M0378884/?radius=25,45000
2021,Mazda,CX-5,Sport,SUV,23998.0,30218.0,0,1,Personal use,https://www.edmunds.com/mazda/cx-5/2021/vin/JM3KFABMXM0387652/?radius=25,45000
2021,Mazda,CX-5,Touring,SUV,23998.0,15489.0,0,1,Personal use,https://www.edmunds.com/mazda/cx-5/2021/vin/JM3KFBCM6M0446460/?radius=25,45000
2021,Mazda,CX-5,Touring,SUV,25998.0,27577.0,0,1,Personal use,https://www.edmunds.com/mazda/cx-5/2021/vin/JM3KFBCMXM0376106/?radius=25,45000
2021,Mazda,CX-5,Touring,SUV,25990.0,30275.0,0,1,Personal use,https://www.edmunds.com/mazda/cx-5/2021/vin/JM3KFBCMXM1380330/?radius=25,45000
2021,Mazda,CX-5,Sport,SUV,23998.0,30163.0,0,1,Personal use only,https://www.edmunds.com/mazda/cx-5/2021/vin/JM3KFABMXM0333428/?radius=25,45000
2022,Mazda,CX-5,2.5 S Select,SUV,25998.0,28049.0,0,1,Personal use,https://www.edmunds.com/mazda/cx-5/2022/vin/JM3KFBBM1N0561616/?radius=25,30000
2021,Mazda,CX-5,Touring,SUV,24998.0,29797.0,0,1,Personal use,https://www.edmunds.com/mazda/cx-5/2021/vin/JM3KFACM6M0417101/?radius=25,45000
2021,Mazda,CX-5,Touring,SUV,24998.0,30061.0,0,1,Personal use,https://www.edmunds.com/mazda/cx-5/2021/vin/JM3KFACM1M1394174/?radius=25,45000
2022,Mazda,CX-5,2.5 S Preferred,SUV,25998.0,28933.0,0,1,Personal use only,https://www.edmunds.com/mazda/cx-5/2022/vin/JM3KFBCMXN1611633/?radius=25,30000
2021,Mazda,CX-5,Sport,SUV,23995.0,29511.0,0,1,Personal use,https://www.edmunds.com/mazda/cx-5/2021/vin/JM3KFBBM0M0355184/?radius=25,45000
2021,Mazda,CX-5,Grand Touring,SUV,25998.0,29205.0,0,1,Personal use,https://www.edmunds.com/mazda/cx-5/2021/vin/JM3KFADM3M1358131/?radius=25,45000
2021,Mazda,CX-5,Touring,SUV,25998.0,29477.0,0,1,Personal use,https://www.edmunds.com/mazda/cx-5/2021/vin/JM3KFBCM3M0368199/?radius=25,45000
2021,Mazda,CX-5,Sport,SUV,23998.0,33487.0,0,1,Personal use,https://www.edmunds.com/mazda/cx-5/2021/vin/JM3KFBBMXM1334241/?radius=25,45000
2021,Mazda,CX-5,Touring,SUV,24998.0,31079.0,0,1,Personal use,https://www.edmunds.com/mazda/cx-5/2021/vin/JM3KFACM7M0376560/?radius=25,45000
2021,Mazda,CX-5,Grand Touring,SUV,25998.0,29788.0,0,1,Personal use,https://www.edmunds.com/mazda/cx-5/2021/vin/JM3KFBDM5M1398829/?radius=25,45000
2021,Mazda,CX-5,Sport,SUV,22998.0,36184.0,0,1,Personal use,https://www.edmunds.com/mazda/cx-5/2021/vin/JM3KFBBM0M0356271/?radius=25,45000
2021,Mazda,CX-5,Sport,SUV,24998.0,31592.0,0,1,Personal use,https://www.edmunds.com/mazda/cx-5/2021/vin/JM3KFBBM2M0357065/?radius=25,45000
2021,Mazda,CX-5,Touring,SUV,22825.0,32199.0,0,1,Personal use,https://www.edmunds.com/mazda/cx-5/2021/vin/JM3KFBCMXM0391365/?radius=25,45000
2021,Mazda,CX-5,Touring,SUV,24998.0,32907.0,0,1,Personal use only,https://www.edmunds.com/mazda/cx-5/2021/vin/JM3KFBCMXM0442198/?radius=25,45000
2021,Mazda,CX-5,Touring,SUV,25998.0,30950.0,0,1,Personal use only,https://www.edmunds.com/mazda/cx-5/2021/vin/JM3KFBCM0M0455297/?radius=25,45000
2021,Mazda,CX-5,Touring,SUV,24998.0,32501.0,0,1,Personal use,https://www.edmunds.com/mazda/cx-5/2021/vin/JM3KFACM1M0448238/?radius=25,45000
2020,Mazda,CX-5,Sport,SUV,22998.0,37862.0,0,1,Personal use only,https://www.edmunds.com/mazda/cx-5/2020/vin/JM3KFABM6L0864768/?radius=25,60000
2021,Mazda,CX-5,Touring,SUV,23998.0,35481.0,0,1,Personal use,https://www.edmunds.com/mazda/cx-5/2021/vin/JM3KFACM5M0318351/?radius=25,45000
2021,Mazda,CX-5,Touring,SUV,23998.0,35622.0,0,1,Personal use,https://www.edmunds.com/mazda/cx-5/2021/vin/JM3KFACM8M1349846/?radius=25,45000
2021,Mazda,CX-5,Grand Touring,SUV,25998.0,31430.0,0,1,Personal use,https://www.edmunds.com/mazda/cx-5/2021/vin/JM3KFADM9M1386466/?radius=25,45000
2021,Mazda,CX-5,Sport,SUV,24998.0,32956.0,0,1,Personal use,https://www.edmunds.com/mazda/cx-5/2021/vin/JM3KFBBM8M0303575/?radius=25,45000
2021,Mazda,CX-5,Sport,SUV,23998.0,35830.0,0,1,Personal use,https://www.edmunds.com/mazda/cx-5/2021/vin/JM3KFABM6M1355775/?radius=25,45000
2021,Mazda,CX-5,Touring,SUV,25998.0,31882.0,0,1,Personal use,https://www.edmunds.com/mazda/cx-5/2021/vin/JM3KFBCM2M0394969/?radius=25,45000
2020,Mazda,CX-5,Touring,SUV,22990.0,47586.0,0,1,Corporate fleet vehicle,https://www.edmunds.com/mazda/cx-5/2020/vin/JM3KFACM8L0767084/?radius=25,60000
2021,Mazda,CX-5,Touring,SUV,24998.0,34553.0,0,1,Personal use,https://www.edmunds.com/mazda/cx-5/2021/vin/JM3KFBCM9M0404042/?radius=25,45000
2020,Mazda,CX-5,Touring,SUV,24998.0,34653.0,0,1,Personal use only,https://www.edmunds.com/mazda/cx-5/2020/vin/JM3KFBCM8L0851430/?radius=25,60000
2020,Mazda,CX-5,Sport,SUV,22990.0,51539.0,0,1,Personal use only,https://www.edmunds.com/mazda/cx-5/2020/vin/JM3KFBBM3L0853376/?radius=25,60000
2021,Mazda,CX-5,Touring,SUV,25594.0,33715.0,0,1,Personal use,https://www.edmunds.com/mazda/cx-5/2021/vin/JM3KFBCM3M0373886/?radius=25,45000
2021,Mazda,CX-5,Grand Touring,SUV,25950.0,34334.0,0,1,Personal use,https://www.edmunds.com/mazda/cx-5/2021/vin/JM3KFBDM8M0359190/?radius=25,45000
2021,Mazda,CX-5,Touring,SUV,25998.0,33858.0,0,1,Personal use,https://www.edmunds.com/mazda/cx-5/2021/vin/JM3KFBCM6M0311088/?radius=25,45000
2021,Mazda,CX-5,Sport,SUV,23998.0,39835.0,0,1,Personal use,https://www.edmunds.com/mazda/cx-5/2021/vin/JM3KFABM4M0359491/?radius=25,45000
2021,Mazda,CX-5,Touring,SUV,24000.0,41170.0,0,1,Personal use,https://www.edmunds.com/mazda/cx-5/2021/vin/JM3KFBCM0M0403930/?radius=25,45000
2021,Mazda,CX-5,Sport,SUV,24998.0,37218.0,0,1,Personal use only,https://www.edmunds.com/mazda/cx-5/2021/vin/JM3KFBBM2M0369720/?radius=25,45000
2021,Mazda,CX-5,Touring,SUV,25998.0,33932.0,0,1,Personal use,https://www.edmunds.com/mazda/cx-5/2021/vin/JM3KFBCMXM1382630/?radius=25,45000
2021,Mazda,CX-5,Grand Touring,SUV,24998.0,38482.0,0,1,Personal use only,https://www.edmunds.com/mazda/cx-5/2021/vin/JM3KFADM9M0368877/?radius=25,45000
2021,Mazda,CX-5,Touring,SUV,24998.0,38682.0,0,1,Personal use only,https://www.edmunds.com/mazda/cx-5/2021/vin/JM3KFBCM5M0449530/?radius=25,45000
2020,Mazda,CX-5,Touring,SUV,22998.0,48780.0,0,1,Personal use,https://www.edmunds.com/mazda/cx-5/2020/vin/JM3KFACM4L0780477/?radius=25,60000
2021,Mazda,CX-5,Touring,SUV,25998.0,36417.0,0,1,Corporate fleet vehicle,https://www.edmunds.com/mazda/cx-5/2021/vin/JM3KFBCM3M0336658/?radius=25,45000
2021,Mazda,CX-5,Touring,SUV,24998.0,39540.0,0,1,Personal use,https://www.edmunds.com/mazda/cx-5/2021/vin/JM3KFBCM0M1308357/?radius=25,45000
2021,Mazda,CX-5,Touring,SUV,24998.0,39407.0,0,1,Personal use only,https://www.edmunds.com/mazda/cx-5/2021/vin/JM3KFBCM1M0318658/?radius=25,45000
2021,Mazda,CX-5,Grand Touring,SUV,25998.0,36775.0,0,1,Corporate fleet vehicle,https://www.edmunds.com/mazda/cx-5/2021/vin/JM3KFBDM0M0340276/?radius=25,45000
2021,Mazda,CX-5,Touring,SUV,24300.0,16902.0,0,1,Personal use,https://www.edmunds.com/mazda/cx-5/2021/vin/JM3KFBCM4M0357664/?radius=25,45000
2020,Mazda,CX-5,Sport,SUV,21998.0,55335.0,0,1,Personal use only,https://www.edmunds.com/mazda/cx-5/2020/vin/JM3KFABM6L0797833/?radius=25,60000
2021,Mazda,CX-5,Touring,SUV,25998.0,38816.0,0,1,Personal use only,https://www.edmunds.com/mazda/cx-5/2021/vin/JM3KFBCM3M0370373/?radius=25,45000
2021,Mazda,CX-5,Touring,SUV,23795.0,28027.0,0,1,Personal use,https://www.edmunds.com/mazda/cx-5/2021/vin/JM3KFBCM2M0365343/?radius=25,45000
2020,Mazda,CX-5,Grand Touring,SUV,23998.0,51464.0,0,1,Personal use only,https://www.edmunds.com/mazda/cx-5/2020/vin/JM3KFADM0L1826282/?radius=25,60000
2020,Mazda,CX-5,Touring,SUV,23998.0,52741.0,0,1,Personal use,https://www.edmunds.com/mazda/cx-5/2020/vin/JM3KFBCM8L0766507/?radius=25,60000
2020,Mazda,CX-5,Touring,SUV,23998.0,54559.0,0,1,Personal use,https://www.edmunds.com/mazda/cx-5/2020/vin/JM3KFBCM5L0727454/?radius=25,60000
2020,Mazda,CX-5,Touring,SUV,23998.0,55527.0,0,1,Personal use only,https://www.edmunds.com/mazda/cx-5/2020/vin/JM3KFBCM4L0737277/?radius=25,60000
2021,Mazda,CX-5,Touring,SUV,25998.0,41040.0,0,1,Personal use,https://www.edmunds.com/mazda/cx-5/2021/vin/JM3KFBCM9M0314096/?radius=25,45000
2020,Mazda,CX-5,Touring,SUV,25998.0,40867.0,0,1,Corporate fleet vehicle,https://www.edmunds.com/mazda/cx-5/2020/vin/JM3KFACM0L0726416/?radius=25,60000
2020,Mazda,CX-5,Grand Touring,SUV,25998.0,44212.0,0,1,Personal use only,https://www.edmunds.com/mazda/cx-5/2020/vin/JM3KFBDM7L0805957/?radius=25,60000
2021,Mazda,CX-5,Touring,SUV,25998.0,44322.0,0,1,Personal use only,https://www.edmunds.com/mazda/cx-5/2021/vin/JM3KFBCM3M1313617/?radius=25,45000
2020,Mazda,CX-5,Grand Touring,SUV,24998.0,53795.0,0,1,Personal use only,https://www.edmunds.com/mazda/cx-5/2020/vin/JM3KFADM2L1834030/?radius=25,60000
2021,Mazda,CX-5,Grand Touring,SUV,25998.0,44865.0,0,1,Personal use,https://www.edmunds.com/mazda/cx-5/2021/vin/JM3KFADM7M0306068/?radius=25,45000
2020,Mazda,CX-5,Grand Touring,SUV,25998.0,49844.0,0,1,Personal use only,https://www.edmunds.com/mazda/cx-5/2020/vin/JM3KFBDM8L0856433/?radius=25,60000
2020,Mazda,CX-5,Signature,SUV,25998.0,54107.0,0,1,Personal use only,https://www.edmunds.com/mazda/cx-5/2020/vin/JM3KFBEY3L0745712/?radius=25,60000
2021,Mazda,CX-5,Touring,SUV,23395.0,33335.0,0,1,Personal use,https://www.edmunds.com/mazda/cx-5/2021/vin/JM3KFBCMXM0367857/?radius=25,45000
2021,Mazda,CX-5,Touring,SUV,22998.0,30005.0,0,1,Personal use,https://www.edmunds.com/mazda/cx-5/2021/vin/JM3KFBCM3M0365691/?radius=25,45000
2021,Mazda,CX-5,Grand Touring,SUV,25295.0,34860.0,0,1,Personal use,https://www.edmunds.com/mazda/cx-5/2021/vin/JM3KFBDM4M0376195/?radius=25,45000
