Year,Make,Model,Trim,price,Mileage,Accidents,Owners,Usage,Title Details,Salvage Vehicle,Frame Damage,Theft History,Lemon Status,Certified Pre-Owned,Listed since,car_url,Miles_threshold,Days_on_market
2019,Toyota,RAV4,LE,20000.0,35680.0,0,1,Personal use only,Clean Title,No,No,No,No,No,2024-02-16,https://www.edmunds.com/toyota/rav4/2019/vin/JTMG1RFV6KJ011326/?radius=25,75000,61.0
2021,Toyota,RAV4,XLE,20488.0,41485.0,0,1,Personal use,Clean Title,No,No,No,No,No,2024-03-26,https://www.edmunds.com/toyota/rav4/2021/vin/2T3W1RFV4MC091369/?radius=25,45000,22.0
2019,Toyota,RAV4,LE,21420.0,25883.0,0,1,Personal use only,Clean Title,No,No,No,No,No,2024-02-08,https://www.edmunds.com/toyota/rav4/2019/vin/JTMF1RFV7KD506533/?radius=25,75000,69.0
2021,Toyota,RAV4,LE,21907.0,30350.0,0,1,Personal use,Clean Title,No,No,No,No,No,2024-02-23,https://www.edmunds.com/toyota/rav4/2021/vin/2T3G1RFV2MC163013/?radius=25,45000,54.0
2021,Toyota,RAV4,LE,21959.0,44766.0,0,1,Personal use,Clean Title,No,No,No,No,No,2024-02-29,https://www.edmunds.com/toyota/rav4/2021/vin/2T3F1RFV5MC191254/?radius=25,45000,48.0
2020,Toyota,RAV4,LE,21980.0,33025.0,0,1,Personal use,Clean Title,No,No,No,No,No,2023-11-07,https://www.edmunds.com/toyota/rav4/2020/vin/2T3F1RFV2LC136419/?radius=25,60000,162.0
2021,Toyota,RAV4,LE,21995.0,25673.0,0,1,Personal use,Clean Title,No,No,No,No,No,2024-02-09,https://www.edmunds.com/toyota/rav4/2021/vin/2T3F1RFV3MC174923/?radius=25,45000,68.0
2020,Toyota,RAV4,LE,22693.0,17102.0,0,1,Personal use,Clean Title,No,No,No,No,No,2024-02-11,https://www.edmunds.com/toyota/rav4/2020/vin/2T3F1RFV4LW132709/?radius=25,60000,66.0
2021,Toyota,RAV4,XLE,22990.0,32669.0,0,1,Personal use,Clean Title,No,No,No,No,No,2024-01-31,https://www.edmunds.com/toyota/rav4/2021/vin/2T3P1RFV8MW176492/?radius=25,45000,77.0
2019,Toyota,RAV4,LE,22995.0,47400.0,0,1,Personal use,Clean Title,No,No,No,No,No,2024-04-08,https://www.edmunds.com/toyota/rav4/2019/vin/2T3G1RFV8KW058875/?radius=25,75000,9.0
2019,Toyota,RAV4,LE,22998.0,70429.0,0,1,Personal use,Clean Title,No,No,No,No,No,,https://www.edmunds.com/toyota/rav4/2019/vin/JTMG1RFV9KD512581/?radius=25,75000,
2020,Toyota,RAV4,LE,22999.0,33662.0,0,1,Personal use only,Clean Title,No,No,No,No,No,2024-03-23,https://www.edmunds.com/toyota/rav4/2020/vin/2T3F1RFV6LC065936/?radius=25,60000,25.0
2019,Toyota,RAV4,XLE,23198.0,49710.0,0,1,Personal use only,Clean Title,No,No,No,No,No,2023-12-13,https://www.edmunds.com/toyota/rav4/2019/vin/2T3P1RFV6KC027772/?radius=25,75000,126.0
2021,Toyota,RAV4,LE,23259.0,39556.0,0,1,Personal use,Clean Title,No,No,No,No,Yes,2023-11-07,https://www.edmunds.com/toyota/rav4/2021/vin/2T3F1RFV4MW146319/?radius=25,45000,162.0
2021,Toyota,RAV4,LE,23264.0,32568.0,0,1,Personal use,Clean Title,No,No,No,No,No,2024-01-15,https://www.edmunds.com/toyota/rav4/2021/vin/2T3F1RFV8MC164095/?radius=25,45000,93.0
2021,Toyota,RAV4,LE,23523.0,44043.0,0,1,Personal use,Clean Title,No,No,No,No,No,,https://www.edmunds.com/toyota/rav4/2021/vin/2T3F1RFV9MW161429/?radius=25,45000,
2021,Toyota,RAV4,LE,23555.0,43313.0,0,1,Personal use,Clean Title,No,No,No,No,No,2024-03-15,https://www.edmunds.com/toyota/rav4/2021/vin/2T3F1RFV8MC195976/?radius=25,45000,33.0
2020,Toyota,RAV4,LE,23638.0,39386.0,0,1,Personal use only,Clean Title,No,No,No,No,No,,https://www.edmunds.com/toyota/rav4/2020/vin/2T3F1RFV3LC073587/?radius=25,60000,
2021,Toyota,RAV4,LE,23791.0,36340.0,0,1,Personal use,Clean Title,No,No,No,No,No,2024-01-24,https://www.edmunds.com/toyota/rav4/2021/vin/2T3G1RFV8MC181693/?radius=25,45000,84.0
2021,Toyota,RAV4,LE,23829.0,20204.0,0,1,Personal use,Clean Title,No,No,No,No,No,2024-02-15,https://www.edmunds.com/toyota/rav4/2021/vin/2T3F1RFV7MC167781/?radius=25,45000,62.0
2020,Toyota,RAV4,LE,23856.0,51190.0,0,1,Personal use,Clean Title,No,No,No,No,No,,https://www.edmunds.com/toyota/rav4/2020/vin/2T3F1RFVXLC101840/?radius=25,60000,
2021,Toyota,RAV4,LE,23959.0,36429.0,0,1,Personal use,Clean Title,No,No,No,No,No,2024-01-25,https://www.edmunds.com/toyota/rav4/2021/vin/2T3F1RFV5MW143302/?radius=25,45000,83.0
2021,Toyota,RAV4,XLE,23990.0,26623.0,0,1,Personal use,Clean Title,No,No,No,No,No,2024-04-08,https://www.edmunds.com/toyota/rav4/2021/vin/2T3P1RFV7MC145686/?radius=25,45000,9.0
2021,Toyota,RAV4,LE,23991.0,28076.0,0,1,Personal use,Clean Title,No,No,No,No,No,2024-03-19,https://www.edmunds.com/toyota/rav4/2021/vin/2T3G1RFVXMC197393/?radius=25,45000,29.0
2021,Toyota,RAV4,LE,23995.0,33950.0,0,1,Personal use,Clean Title,No,No,No,No,No,2024-02-27,https://www.edmunds.com/toyota/rav4/2021/vin/2T3F1RFV0MC155780/?radius=25,45000,50.0
2021,Toyota,RAV4,LE,23995.0,33950.0,0,1,Personal use,Clean Title,No,No,No,No,No,2024-02-27,https://www.edmunds.com/toyota/rav4/2021/vin/2T3F1RFV0MC155780/?radius=25,45000,50.0
2020,Toyota,RAV4,XLE,23995.0,53034.0,0,1,Personal use only,Clean Title,No,No,No,No,No,,https://www.edmunds.com/toyota/rav4/2020/vin/2T3W1RFV8LW065645/?radius=25,60000,
2019,Toyota,RAV4,LE,23998.0,63522.0,0,1,Personal use only,Clean Title,No,No,No,No,No,,https://www.edmunds.com/toyota/rav4/2019/vin/2T3G1RFV0KW026101/?radius=25,75000,
2021,Toyota,RAV4,LE,23999.0,31539.0,0,1,Personal use,Clean Title,No,No,No,No,No,2024-02-01,https://www.edmunds.com/toyota/rav4/2021/vin/2T3F1RFV1MC150295/?radius=25,45000,76.0
2021,Toyota,RAV4,LE,23999.0,31086.0,0,1,Personal use,Clean Title,No,No,No,No,No,2024-01-06,https://www.edmunds.com/toyota/rav4/2021/vin/2T3F1RFV8MC148480/?radius=25,45000,102.0
2021,Toyota,RAV4,LE,24080.0,37015.0,0,1,Personal use,Clean Title,No,No,No,No,No,2024-03-27,https://www.edmunds.com/toyota/rav4/2021/vin/2T3F1RFVXMW197517/?radius=25,45000,21.0
2021,Toyota,RAV4,LE,24115.0,16242.0,0,1,Personal use,Clean Title,No,No,No,No,No,2024-03-05,https://www.edmunds.com/toyota/rav4/2021/vin/2T3F1RFV8MW156657/?radius=25,45000,43.0
2021,Toyota,RAV4,LE,24154.0,19150.0,0,1,Personal use,Clean Title,No,No,No,No,No,2024-03-08,https://www.edmunds.com/toyota/rav4/2021/vin/2T3F1RFV6MC178318/?radius=25,45000,40.0
2021,Toyota,RAV4,LE,24240.0,16424.0,0,1,Personal use,Clean Title,No,No,No,No,No,2024-02-20,https://www.edmunds.com/toyota/rav4/2021/vin/2T3F1RFV5MC179640/?radius=25,45000,57.0
2021,Toyota,RAV4,LE,24297.0,35439.0,0,1,Personal use,Clean Title,No,No,No,No,No,2024-04-01,https://www.edmunds.com/toyota/rav4/2021/vin/2T3F1RFV7MC154397/?radius=25,45000,16.0
2021,Toyota,RAV4,LE,24390.0,12551.0,0,1,Personal use,Clean Title,No,No,No,No,No,2024-04-06,https://www.edmunds.com/toyota/rav4/2021/vin/2T3F1RFV5MC211177/?radius=25,45000,11.0
2021,Toyota,RAV4,XLE,24390.0,40488.0,0,1,Personal use,Clean Title,No,No,No,No,No,2024-01-29,https://www.edmunds.com/toyota/rav4/2021/vin/2T3P1RFV7MW177634/?radius=25,45000,79.0
2021,Toyota,RAV4,LE,24395.0,28461.0,0,1,Personal use,Clean Title,No,No,No,No,No,,https://www.edmunds.com/toyota/rav4/2021/vin/2T3G1RFV6MC200855/?radius=25,45000,
2020,Toyota,RAV4,LE,24395.0,43841.0,0,1,Personal use,Clean Title,No,No,No,No,No,2024-02-06,https://www.edmunds.com/toyota/rav4/2020/vin/JTMG1RFV0LD061882/?radius=25,60000,71.0
2021,Toyota,RAV4,LE,24398.0,41251.0,0,1,Personal use,Clean Title,No,No,No,No,No,2024-03-29,https://www.edmunds.com/toyota/rav4/2021/vin/2T3G1RFV6MC199383/?radius=25,45000,19.0
2021,Toyota,RAV4,LE,24469.0,33817.0,0,1,Personal use,Clean Title,No,No,No,No,No,2024-02-28,https://www.edmunds.com/toyota/rav4/2021/vin/2T3F1RFVXMC202006/?radius=25,45000,49.0
2021,Toyota,RAV4,LE,24491.0,35084.0,0,1,Personal use,Clean Title,No,No,No,No,No,2024-02-17,https://www.edmunds.com/toyota/rav4/2021/vin/2T3F1RFV5MC173319/?radius=25,45000,60.0
2021,Toyota,RAV4,LE,24494.0,32554.0,0,1,Personal use,Clean Title,No,No,No,No,No,2024-03-19,https://www.edmunds.com/toyota/rav4/2021/vin/2T3F1RFV0MC168691/?radius=25,45000,29.0
2021,Toyota,RAV4,LE,24494.0,27635.0,0,1,Personal use,Clean Title,No,No,No,No,No,2024-03-08,https://www.edmunds.com/toyota/rav4/2021/vin/2T3F1RFV6MW181735/?radius=25,45000,40.0
2021,Toyota,RAV4,LE,24494.0,30831.0,0,1,Personal use,Clean Title,No,No,No,No,Yes,2024-03-28,https://www.edmunds.com/toyota/rav4/2021/vin/2T3G1RFV1MC226604/?radius=25,45000,20.0
2021,Toyota,RAV4,LE,24495.0,38811.0,0,1,Personal use,Clean Title,No,No,No,No,No,,https://www.edmunds.com/toyota/rav4/2021/vin/2T3G1RFV8MC199790/?radius=25,45000,
2020,Toyota,RAV4,LE,24499.0,41909.0,0,1,Personal use,Clean Title,No,No,No,No,No,2024-02-09,https://www.edmunds.com/toyota/rav4/2020/vin/2T3F1RFV3LC086517/?radius=25,60000,68.0
2021,Toyota,RAV4,LE,24599.0,20780.0,0,1,Personal use,Clean Title,No,No,No,No,No,2024-03-22,https://www.edmunds.com/toyota/rav4/2021/vin/2T3F1RFV0MC173583/?radius=25,45000,26.0
2021,Toyota,RAV4,LE,24599.0,29981.0,0,1,Personal use,Clean Title,No,No,No,No,No,,https://www.edmunds.com/toyota/rav4/2021/vin/2T3F1RFV6MC209566/?radius=25,45000,
2021,Toyota,RAV4,LE,24599.0,20780.0,0,1,Personal use,Clean Title,No,No,No,No,No,2024-03-22,https://www.edmunds.com/toyota/rav4/2021/vin/2T3F1RFV0MC173583/?radius=25,45000,26.0
2021,Toyota,RAV4,LE,24692.0,36675.0,0,1,Personal use,Clean Title,No,No,No,No,No,2024-01-26,https://www.edmunds.com/toyota/rav4/2021/vin/2T3G1RFV8MC177031/?radius=25,45000,82.0
2021,Toyota,RAV4,LE,24699.0,22620.0,0,1,Personal use,Clean Title,No,No,No,No,No,2024-04-06,https://www.edmunds.com/toyota/rav4/2021/vin/2T3G1RFV4MC192383/?radius=25,45000,11.0
2021,Toyota,RAV4,LE,24791.0,20201.0,0,1,Personal use,Clean Title,No,No,No,No,No,2024-03-30,https://www.edmunds.com/toyota/rav4/2021/vin/2T3F1RFV5MW170838/?radius=25,45000,18.0
2021,Toyota,RAV4,XLE,24795.0,34729.0,0,1,Personal use,Clean Title,No,No,No,No,No,2024-02-17,https://www.edmunds.com/toyota/rav4/2021/vin/2T3P1RFV8MW200189/?radius=25,45000,60.0
2021,Toyota,RAV4,LE,24817.0,32489.0,0,1,Personal use,Clean Title,No,No,No,No,No,2024-04-10,https://www.edmunds.com/toyota/rav4/2021/vin/2T3F1RFVXMC197180/?radius=25,45000,7.0
2020,Toyota,RAV4,LE,24848.0,38160.0,0,1,Personal use,Clean Title,No,No,No,No,No,2024-01-17,https://www.edmunds.com/toyota/rav4/2020/vin/2T3F1RFV9LC076333/?radius=25,60000,91.0
2021,Toyota,RAV4,LE,24888.0,34062.0,0,1,Personal use,Clean Title,No,No,No,No,No,2024-04-05,https://www.edmunds.com/toyota/rav4/2021/vin/2T3F1RFVXMC205455/?radius=25,45000,12.0
2021,Toyota,RAV4,LE,24895.0,13012.0,0,1,Personal use,Clean Title,No,No,No,No,No,2024-03-20,https://www.edmunds.com/toyota/rav4/2021/vin/2T3F1RFV8MW157601/?radius=25,45000,28.0
2021,Toyota,RAV4,XLE,24952.0,35857.0,0,1,Personal use,Clean Title,No,No,No,No,Yes,2024-03-16,https://www.edmunds.com/toyota/rav4/2021/vin/JTMP1RFV2MD075638/?radius=25,45000,32.0
2020,Toyota,RAV4,LE,24958.0,37930.0,0,1,Personal use,Clean Title,No,No,No,No,No,,https://www.edmunds.com/toyota/rav4/2020/vin/2T3G1RFV6LC105694/?radius=25,60000,
2021,Toyota,RAV4,LE,24959.0,31703.0,0,1,Personal use,Clean Title,No,No,No,No,No,2024-04-05,https://www.edmunds.com/toyota/rav4/2021/vin/2T3F1RFV1MC202430/?radius=25,45000,12.0
2020,Toyota,RAV4,LE,24959.0,48110.0,0,1,Personal use only,Clean Title,No,No,No,No,No,2024-04-10,https://www.edmunds.com/toyota/rav4/2020/vin/2T3F1RFV4LW117367/?radius=25,60000,7.0
2019,Toyota,RAV4,LE,24967.0,43271.0,0,1,Personal use,Clean Title,No,No,No,No,No,,https://www.edmunds.com/toyota/rav4/2019/vin/2T3H1RFV1KW040822/?radius=25,75000,
2021,Toyota,RAV4,XLE,24986.0,22572.0,0,1,Personal use,Clean Title,No,No,No,No,No,2024-02-17,https://www.edmunds.com/toyota/rav4/2021/vin/2T3P1RFV7MC189753/?radius=25,45000,60.0
2021,Toyota,RAV4,XLE,24989.0,43695.0,0,1,Personal use,Clean Title,No,No,No,No,No,2024-03-01,https://www.edmunds.com/toyota/rav4/2021/vin/2T3P1RFVXMW178079/?radius=25,45000,47.0
2019,Toyota,RAV4,LE,24990.0,36812.0,0,1,Personal use,Clean Title,No,No,No,No,No,2024-03-29,https://www.edmunds.com/toyota/rav4/2019/vin/2T3H1RFVXKW038146/?radius=25,75000,19.0
2021,Toyota,RAV4,LE,24990.0,32852.0,0,1,Personal use,Clean Title,No,No,No,No,No,,https://www.edmunds.com/toyota/rav4/2021/vin/2T3F1RFV3MC175389/?radius=25,45000,
2020,Toyota,RAV4,LE,24992.0,41193.0,0,1,Personal use,Clean Title,No,No,No,No,No,2024-03-07,https://www.edmunds.com/toyota/rav4/2020/vin/2T3F1RFV9LC138944/?radius=25,60000,41.0
2019,Toyota,RAV4,LE,24994.0,20711.0,0,1,Personal use,Clean Title,No,No,No,No,No,2024-04-01,https://www.edmunds.com/toyota/rav4/2019/vin/2T3G1RFV5KW052600/?radius=25,75000,16.0
2021,Toyota,RAV4,LE,24995.0,31148.0,0,1,Personal use,Clean Title,No,No,No,No,Yes,2024-04-02,https://www.edmunds.com/toyota/rav4/2021/vin/JTMG1RFV9MD075684/?radius=25,45000,15.0
2021,Toyota,RAV4,LE,24995.0,33620.0,0,1,Personal use,Clean Title,No,No,No,No,No,2024-03-29,https://www.edmunds.com/toyota/rav4/2021/vin/2T3F1RFV3MC210125/?radius=25,45000,19.0
2020,Toyota,RAV4,Base,24998.0,47435.0,0,1,Personal use only,Clean Title,No,No,No,No,No,,https://www.edmunds.com/toyota/rav4/2020/vin/2T3H1RFV1LC064959/?radius=25,60000,
2021,Toyota,RAV4,LE,24998.0,36188.0,0,1,Personal use only,Clean Title,No,No,No,No,No,,https://www.edmunds.com/toyota/rav4/2021/vin/2T3H1RFV7MW126526/?radius=25,45000,
2019,Toyota,RAV4,LE,24998.0,45319.0,0,1,Personal use only,Clean Title,No,No,No,No,No,,https://www.edmunds.com/toyota/rav4/2019/vin/2T3F1RFV4KC025594/?radius=25,75000,
2019,Toyota,RAV4,LE,24998.0,39067.0,0,1,Personal use,Clean Title,No,No,No,No,No,,https://www.edmunds.com/toyota/rav4/2019/vin/2T3H1RFV3KW040739/?radius=25,75000,
2019,Toyota,RAV4,LE,24998.0,32410.0,0,1,Personal use only,Clean Title,No,No,No,No,No,,https://www.edmunds.com/toyota/rav4/2019/vin/JTMH1RFVXKD514473/?radius=25,75000,
2019,Toyota,RAV4,LE,24998.0,37108.0,0,1,Personal use,Clean Title,No,No,No,No,No,,https://www.edmunds.com/toyota/rav4/2019/vin/2T3H1RFV2KW040988/?radius=25,75000,
2019,Toyota,RAV4,LE,24998.0,32405.0,0,1,Personal use only,Clean Title,No,No,No,No,No,,https://www.edmunds.com/toyota/rav4/2019/vin/JTMK1RFV5KJ008492/?radius=25,75000,
2020,Toyota,RAV4,LE,24998.0,22155.0,0,1,Personal use,Clean Title,No,No,No,No,No,,https://www.edmunds.com/toyota/rav4/2020/vin/2T3F1RFV9LC104373/?radius=25,60000,
2021,Toyota,RAV4,LE,24999.0,25558.0,0,1,Personal use,Clean Title,No,No,No,No,No,2024-01-26,https://www.edmunds.com/toyota/rav4/2021/vin/2T3F1RFV7MC174133/?radius=25,45000,82.0
2021,Toyota,RAV4,XLE,24999.0,40510.0,0,1,Personal use,Clean Title,No,No,No,No,No,2024-03-20,https://www.edmunds.com/toyota/rav4/2021/vin/2T3P1RFV0MC193529/?radius=25,45000,28.0
2021,Toyota,RAV4,LE,24999.0,21308.0,0,1,Personal use,Clean Title,No,No,No,No,No,2024-03-31,https://www.edmunds.com/toyota/rav4/2021/vin/2T3G1RFV9MW227952/?radius=25,45000,17.0
2021,Toyota,RAV4,LE,25000.0,27678.0,0,1,Personal use,Clean Title,No,No,No,No,No,2024-03-29,https://www.edmunds.com/toyota/rav4/2021/vin/2T3F1RFVXMW152609/?radius=25,45000,19.0
2021,Toyota,RAV4,XLE,25000.0,40303.0,0,1,Personal use,Clean Title,No,No,No,No,No,2024-02-24,https://www.edmunds.com/toyota/rav4/2021/vin/2T3A1RFV9MW200210/?radius=25,45000,53.0
2021,Toyota,RAV4,LE,25000.0,31268.0,0,1,Personal use,Clean Title,No,No,No,No,No,,https://www.edmunds.com/toyota/rav4/2021/vin/2T3H1RFV9MW139150/?radius=25,45000,
2020,Toyota,RAV4,XLE,25088.0,22342.0,0,1,Personal use,Clean Title,No,No,No,No,No,2024-01-31,https://www.edmunds.com/toyota/rav4/2020/vin/JTMP1RFVXLD049917/?radius=25,60000,77.0
2021,Toyota,RAV4,LE,25099.0,22579.0,0,1,Personal use,Clean Title,No,No,No,No,No,,https://www.edmunds.com/toyota/rav4/2021/vin/2T3G1RFV7MC163895/?radius=25,45000,
2021,Toyota,RAV4,XLE,25221.0,42555.0,0,1,Personal use,Clean Title,No,No,No,No,No,,https://www.edmunds.com/toyota/rav4/2021/vin/2T3P1RFV1MC200925/?radius=25,45000,
2021,Toyota,RAV4,LE,25231.0,18402.0,0,1,Personal use,Clean Title,No,No,No,No,No,2024-03-02,https://www.edmunds.com/toyota/rav4/2021/vin/2T3G1RFV0MC222561/?radius=25,45000,46.0
2021,Toyota,RAV4,LE,25238.0,16119.0,0,1,Personal use,Clean Title,No,No,No,No,No,2024-03-01,https://www.edmunds.com/toyota/rav4/2021/vin/2T3F1RFV6MC203914/?radius=25,45000,47.0
2020,Toyota,RAV4,LE,25249.0,33714.0,0,1,Personal use only,Clean Title,No,No,No,No,No,2024-04-01,https://www.edmunds.com/toyota/rav4/2020/vin/2T3F1RFV4LW135710/?radius=25,60000,16.0
2021,Toyota,RAV4,LE,25255.0,29030.0,0,1,Personal use,Clean Title,No,No,No,No,No,,https://www.edmunds.com/toyota/rav4/2021/vin/2T3G1RFV3MC183934/?radius=25,45000,
2021,Toyota,RAV4,XLE,25259.0,38041.0,0,1,Personal use,Clean Title,No,No,No,No,No,2024-02-01,https://www.edmunds.com/toyota/rav4/2021/vin/2T3P1RFV6MC176279/?radius=25,45000,76.0
2019,Toyota,RAV4,LE,25277.0,28963.0,0,1,Personal use,Clean Title,No,No,No,No,No,2024-01-10,https://www.edmunds.com/toyota/rav4/2019/vin/2T3G1RFV4KW047615/?radius=25,75000,98.0
2021,Toyota,RAV4,LE,25365.0,19001.0,0,1,Personal use,Clean Title,No,No,No,No,No,2024-02-20,https://www.edmunds.com/toyota/rav4/2021/vin/2T3F1RFVXMC189290/?radius=25,45000,57.0
2020,Toyota,RAV4,XLE,25409.0,52574.0,0,1,Personal use,Clean Title,No,No,No,No,Yes,2024-02-28,https://www.edmunds.com/toyota/rav4/2020/vin/2T3P1RFV9LW110600/?radius=25,60000,49.0
2019,Toyota,RAV4,XLE,25466.0,65101.0,0,1,Personal use only,Clean Title,No,No,No,No,No,2024-04-05,https://www.edmunds.com/toyota/rav4/2019/vin/JTMA1RFV7KD008939/?radius=25,75000,12.0
2020,Toyota,RAV4,LE,25478.0,23912.0,0,1,Personal use,Clean Title,No,No,No,No,No,2024-02-04,https://www.edmunds.com/toyota/rav4/2020/vin/2T3G1RFV1LW133210/?radius=25,60000,73.0
2021,Toyota,RAV4,LE,25492.0,31014.0,0,1,Personal use,Clean Title,No,No,No,No,No,2024-02-21,https://www.edmunds.com/toyota/rav4/2021/vin/2T3F1RFVXMC201082/?radius=25,45000,56.0
2020,Toyota,RAV4,LE,25495.0,18785.0,0,1,Personal use,Clean Title,No,No,No,No,No,2023-10-05,https://www.edmunds.com/toyota/rav4/2020/vin/2T3F1RFVXLW133766/?radius=25,60000,195.0
2021,Toyota,RAV4,LE,25495.0,35110.0,0,1,Personal use,Clean Title,No,No,No,No,Yes,2024-03-28,https://www.edmunds.com/toyota/rav4/2021/vin/2T3F1RFV1MC171132/?radius=25,45000,20.0
2021,Toyota,RAV4,LE,25521.0,28986.0,0,1,Personal use,Clean Title,No,No,No,No,No,2023-12-30,https://www.edmunds.com/toyota/rav4/2021/vin/2T3F1RFVXMC194523/?radius=25,45000,109.0
2021,Toyota,RAV4,XLE,25576.0,26327.0,0,1,Personal use,Clean Title,No,No,No,No,No,2024-03-13,https://www.edmunds.com/toyota/rav4/2021/vin/2T3P1RFV6MC181370/?radius=25,45000,35.0
2019,Toyota,RAV4,LE,25590.0,34953.0,0,1,Personal use,Clean Title,No,No,No,No,No,2024-04-05,https://www.edmunds.com/toyota/rav4/2019/vin/JTMH1RFV0KD015598/?radius=25,75000,12.0
2020,Toyota,RAV4,LE,25590.0,35075.0,0,1,Personal use,Clean Title,No,No,No,No,No,2024-01-24,https://www.edmunds.com/toyota/rav4/2020/vin/JTMG1RFV5LD066401/?radius=25,60000,84.0
2021,Toyota,RAV4,LE,25650.0,12580.0,0,1,Personal use,Clean Title,No,No,No,No,No,,https://www.edmunds.com/toyota/rav4/2021/vin/2T3H1RFV8MC122969/?radius=25,45000,
2021,Toyota,RAV4,LE,25665.0,32957.0,0,1,Personal use,Clean Title,No,No,No,No,No,,https://www.edmunds.com/toyota/rav4/2021/vin/2T3F1RFV8MC193046/?radius=25,45000,
2021,Toyota,RAV4,LE,25746.0,16846.0,0,1,Personal use,Clean Title,No,No,No,No,No,2024-03-27,https://www.edmunds.com/toyota/rav4/2021/vin/2T3G1RFV1MC181714/?radius=25,45000,21.0
2021,Toyota,RAV4,LE,25759.0,17582.0,0,1,Personal use,Clean Title,No,No,No,No,No,2024-03-29,https://www.edmunds.com/toyota/rav4/2021/vin/2T3F1RFV7MC180935/?radius=25,45000,19.0
2021,Toyota,RAV4,LE,25775.0,31645.0,0,1,Personal use,Clean Title,No,No,No,No,No,2024-03-24,https://www.edmunds.com/toyota/rav4/2021/vin/2T3F1RFV8MC156868/?radius=25,45000,24.0
2021,Toyota,RAV4,XLE,25788.0,31161.0,0,1,Personal use,Clean Title,No,No,No,No,No,2024-02-12,https://www.edmunds.com/toyota/rav4/2021/vin/2T3P1RFV1MC229258/?radius=25,45000,65.0
2021,Toyota,RAV4,LE,25788.0,16911.0,0,1,Personal use,Clean Title,No,No,No,No,No,2024-02-22,https://www.edmunds.com/toyota/rav4/2021/vin/2T3F1RFV5MW147110/?radius=25,45000,55.0
2021,Toyota,RAV4,XLE,25809.0,22528.0,0,1,Personal use,Clean Title,No,No,No,No,No,2024-01-09,https://www.edmunds.com/toyota/rav4/2021/vin/2T3P1RFV9MW140570/?radius=25,45000,99.0
2021,Toyota,RAV4,LE,25842.0,30478.0,0,1,Personal use,Clean Title,No,No,No,No,No,2024-02-19,https://www.edmunds.com/toyota/rav4/2021/vin/2T3G1RFV4MC179553/?radius=25,45000,58.0
2021,Toyota,RAV4,LE,25852.0,36880.0,0,1,Personal use,Clean Title,No,No,No,No,No,2024-02-18,https://www.edmunds.com/toyota/rav4/2021/vin/2T3F1RFV0MC188231/?radius=25,45000,59.0
2021,Toyota,RAV4,LE,25852.0,36880.0,0,1,Personal use,Clean Title,No,No,No,No,No,2024-02-18,https://www.edmunds.com/toyota/rav4/2021/vin/2T3F1RFV0MC188231/?radius=25,45000,59.0
2021,Toyota,RAV4,XLE,25952.0,27441.0,0,1,Personal use,Clean Title,No,No,No,No,No,2024-03-08,https://www.edmunds.com/toyota/rav4/2021/vin/2T3P1RFV4MC182260/?radius=25,45000,40.0
2021,Toyota,RAV4,LE,25959.0,22568.0,0,1,Personal use,Clean Title,No,No,No,No,No,2024-02-27,https://www.edmunds.com/toyota/rav4/2021/vin/2T3F1RFV8MC197128/?radius=25,45000,50.0
2021,Toyota,RAV4,LE,25959.0,35050.0,0,1,Personal use,Clean Title,No,No,No,No,No,,https://www.edmunds.com/toyota/rav4/2021/vin/2T3F1RFV4MW165999/?radius=25,45000,
2021,Toyota,RAV4,LE,25959.0,29932.0,0,1,Personal use,Clean Title,No,No,No,No,No,2024-04-03,https://www.edmunds.com/toyota/rav4/2021/vin/2T3F1RFV1MW229142/?radius=25,45000,14.0
2019,Toyota,RAV4,LE,25990.0,29304.0,0,1,Personal use only,Clean Title,No,No,No,No,No,2024-03-17,https://www.edmunds.com/toyota/rav4/2019/vin/JTMG1RFV4KD032335/?radius=25,75000,31.0
2020,Toyota,RAV4,LE,25990.0,30605.0,0,1,Personal use only,Clean Title,No,No,No,No,No,2024-03-26,https://www.edmunds.com/toyota/rav4/2020/vin/2T3G1RFVXLC125821/?radius=25,60000,22.0
2021,Toyota,RAV4,LE,25990.0,33359.0,0,1,Personal use,Clean Title,No,No,No,No,No,,https://www.edmunds.com/toyota/rav4/2021/vin/2T3G1RFV3MC171881/?radius=25,45000,
2021,Toyota,RAV4,LE,25995.0,36529.0,0,1,Personal use,Clean Title,No,No,No,No,No,2024-03-12,https://www.edmunds.com/toyota/rav4/2021/vin/2T3H1RFV5MC127451/?radius=25,45000,36.0
2021,Toyota,RAV4,LE,25995.0,31443.0,0,1,Personal use,Clean Title,No,No,No,No,Yes,2024-04-02,https://www.edmunds.com/toyota/rav4/2021/vin/2T3F1RFV7MC199470/?radius=25,45000,15.0
2021,Toyota,RAV4,LE,25995.0,25161.0,0,1,Personal use,Clean Title,No,No,No,No,Yes,2024-04-04,https://www.edmunds.com/toyota/rav4/2021/vin/2T3F1RFV1MC219549/?radius=25,45000,13.0
2021,Toyota,RAV4,LE,25997.0,20272.0,0,1,Personal use,Clean Title,No,No,No,No,No,2024-03-08,https://www.edmunds.com/toyota/rav4/2021/vin/2T3F1RFV3MC159158/?radius=25,45000,40.0
2020,Toyota,RAV4,XLE,25998.0,37735.0,0,1,Personal use,Clean Title,No,No,No,No,No,,https://www.edmunds.com/toyota/rav4/2020/vin/2T3W1RFV7LC072751/?radius=25,60000,
2020,Toyota,RAV4,Base,25998.0,18006.0,0,1,Personal use,Clean Title,No,No,No,No,No,,https://www.edmunds.com/toyota/rav4/2020/vin/2T3H1RFV0LC065097/?radius=25,60000,
2021,Toyota,RAV4,LE,25998.0,30983.0,0,1,Personal use,Clean Title,No,No,No,No,No,,https://www.edmunds.com/toyota/rav4/2021/vin/JTMK1RFV0MD062221/?radius=25,45000,
2021,Toyota,RAV4,LE,25998.0,27823.0,0,1,Personal use,Clean Title,No,No,No,No,No,,https://www.edmunds.com/toyota/rav4/2021/vin/2T3H1RFV2MC096367/?radius=25,45000,
2020,Toyota,RAV4,XLE,25998.0,36978.0,0,1,Personal use only,Clean Title,No,No,No,No,No,,https://www.edmunds.com/toyota/rav4/2020/vin/2T3W1RFV8LW086298/?radius=25,60000,
2021,Toyota,RAV4,LE,25998.0,35487.0,0,1,Personal use,Clean Title,No,No,No,No,No,,https://www.edmunds.com/toyota/rav4/2021/vin/2T3H1RFV3MW142206/?radius=25,45000,
2021,Toyota,RAV4,LE,25998.0,29123.0,0,1,Personal use,Clean Title,No,No,No,No,No,,https://www.edmunds.com/toyota/rav4/2021/vin/2T3H1RFV0MW126089/?radius=25,45000,
2021,Toyota,RAV4,LE,25998.0,27015.0,0,1,Personal use,Clean Title,No,No,No,No,No,,https://www.edmunds.com/toyota/rav4/2021/vin/2T3H1RFV2MW125350/?radius=25,45000,
2020,Toyota,RAV4,LE,25998.0,36573.0,0,1,Personal use only,Clean Title,No,No,No,No,No,,https://www.edmunds.com/toyota/rav4/2020/vin/2T3F1RFV8LW128761/?radius=25,60000,
2020,Toyota,RAV4,Base,25998.0,35290.0,0,1,Personal use only,Clean Title,No,No,No,No,No,,https://www.edmunds.com/toyota/rav4/2020/vin/2T3H1RFV7LW074328/?radius=25,60000,
2021,Toyota,RAV4,LE,25998.0,39362.0,0,1,Personal use,Clean Title,No,No,No,No,No,,https://www.edmunds.com/toyota/rav4/2021/vin/2T3F1RFV4MC167012/?radius=25,45000,
2020,Toyota,RAV4,LE,25998.0,36263.0,0,1,Personal use,Clean Title,No,No,No,No,No,,https://www.edmunds.com/toyota/rav4/2020/vin/2T3G1RFV1LW090259/?radius=25,60000,
2020,Toyota,RAV4,Base,25998.0,33252.0,0,1,Personal use,Clean Title,No,No,No,No,No,,https://www.edmunds.com/toyota/rav4/2020/vin/2T3H1RFV8LW082292/?radius=25,60000,
2021,Toyota,RAV4,LE,25998.0,30348.0,0,1,Personal use,Clean Title,No,No,No,No,No,,https://www.edmunds.com/toyota/rav4/2021/vin/2T3F1RFV8MC188476/?radius=25,45000,
2021,Toyota,RAV4,LE,25998.0,37063.0,0,1,Personal use,Clean Title,No,No,No,No,No,,https://www.edmunds.com/toyota/rav4/2021/vin/2T3F1RFV1MW144804/?radius=25,45000,
2020,Toyota,RAV4,XLE,25998.0,32920.0,0,1,Personal use,Clean Title,No,No,No,No,No,,https://www.edmunds.com/toyota/rav4/2020/vin/2T3W1RFV1LC075810/?radius=25,60000,
2021,Toyota,RAV4,XLE,25998.0,19980.0,0,1,Personal use,Clean Title,No,No,No,No,No,,https://www.edmunds.com/toyota/rav4/2021/vin/2T3W1RFV7MW141504/?radius=25,45000,
2021,Toyota,RAV4,LE,25998.0,36789.0,0,1,Personal use,Clean Title,No,No,No,No,No,,https://www.edmunds.com/toyota/rav4/2021/vin/2T3G1RFV8MW164214/?radius=25,45000,
2019,Toyota,RAV4,LE,25998.0,33933.0,0,1,Personal use,Clean Title,No,No,No,No,No,,https://www.edmunds.com/toyota/rav4/2019/vin/2T3K1RFV0KW011849/?radius=25,75000,
2021,Toyota,RAV4,LE,25998.0,33144.0,0,1,Personal use,Clean Title,No,No,No,No,No,,https://www.edmunds.com/toyota/rav4/2021/vin/2T3H1RFVXMC112542/?radius=25,45000,
2019,Toyota,RAV4,XLE,25998.0,46928.0,0,1,Personal use only,Clean Title,No,No,No,No,No,,https://www.edmunds.com/toyota/rav4/2019/vin/JTMW1RFV6KD501243/?radius=25,75000,
2021,Toyota,RAV4,LE,25998.0,31689.0,0,1,Personal use,Clean Title,No,No,No,No,No,,https://www.edmunds.com/toyota/rav4/2021/vin/2T3H1RFV7MC121327/?radius=25,45000,
2021,Toyota,RAV4,LE,25998.0,40334.0,0,1,Personal use,Clean Title,No,No,No,No,No,,https://www.edmunds.com/toyota/rav4/2021/vin/2T3F1RFV9MC154997/?radius=25,45000,
2021,Toyota,RAV4,LE,25998.0,26336.0,0,1,Personal use,Clean Title,No,No,No,No,No,,https://www.edmunds.com/toyota/rav4/2021/vin/2T3H1RFV3MC116352/?radius=25,45000,
2020,Toyota,RAV4,Base,25998.0,27285.0,0,1,Personal use,Clean Title,No,No,No,No,No,,https://www.edmunds.com/toyota/rav4/2020/vin/2T3H1RFV5LW099132/?radius=25,60000,
2021,Toyota,RAV4,LE,25999.0,26885.0,0,1,Personal use,Clean Title,No,No,No,No,No,2024-03-03,https://www.edmunds.com/toyota/rav4/2021/vin/2T3F1RFV1MW155737/?radius=25,45000,45.0
2021,Toyota,RAV4,LE,25999.0,16220.0,0,1,Personal use,Clean Title,No,No,No,No,No,2024-02-01,https://www.edmunds.com/toyota/rav4/2021/vin/2T3F1RFV7MC157378/?radius=25,45000,76.0
2021,Toyota,RAV4,LE,25999.0,17603.0,0,1,Personal use,Clean Title,No,No,No,No,No,2024-01-05,https://www.edmunds.com/toyota/rav4/2021/vin/2T3F1RFV9MC182654/?radius=25,45000,103.0
2021,Toyota,RAV4,LE,25999.0,17603.0,0,1,Personal use,Clean Title,No,No,No,No,No,2024-01-05,https://www.edmunds.com/toyota/rav4/2021/vin/2T3F1RFV9MC182654/?radius=25,45000,103.0
2021,Toyota,RAV4,LE,26275.0,19166.0,0,1,Personal use,Clean Title,No,No,No,No,No,2024-03-19,https://www.edmunds.com/toyota/rav4/2021/vin/2T3F1RFV2MC193043/?radius=25,45000,29.0
2021,Toyota,RAV4,XLE,26288.0,38398.0,0,1,Personal use,Clean Title,No,No,No,No,No,,https://www.edmunds.com/toyota/rav4/2021/vin/2T3P1RFV9MW196203/?radius=25,45000,
2021,Toyota,RAV4,LE,26333.0,9998.0,0,1,Personal use,Clean Title,No,No,No,No,No,2024-04-06,https://www.edmunds.com/toyota/rav4/2021/vin/2T3F1RFV6MC181364/?radius=25,45000,11.0
2021,Toyota,RAV4,XLE,26390.0,41689.0,0,1,Personal use,Clean Title,No,No,No,No,No,,https://www.edmunds.com/toyota/rav4/2021/vin/2T3C1RFV2MC132472/?radius=25,45000,
2020,Toyota,RAV4,LE,26392.0,23352.0,0,1,Personal use,Clean Title,No,No,No,No,No,2024-02-28,https://www.edmunds.com/toyota/rav4/2020/vin/JTMF1RFV1LD062907/?radius=25,60000,49.0
2021,Toyota,RAV4,LE,26459.0,25053.0,0,1,Personal use,Clean Title,No,No,No,No,No,2024-03-28,https://www.edmunds.com/toyota/rav4/2021/vin/2T3F1RFV3MC198560/?radius=25,45000,20.0
2021,Toyota,RAV4,XLE,26469.0,37891.0,0,1,Personal use,Clean Title,No,No,No,No,No,2024-02-28,https://www.edmunds.com/toyota/rav4/2021/vin/2T3P1RFV4MC156032/?radius=25,45000,49.0
2021,Toyota,RAV4,XLE,26496.0,37626.0,0,1,Personal use,Clean Title,No,No,No,No,No,2024-02-22,https://www.edmunds.com/toyota/rav4/2021/vin/2T3P1RFV9MC180049/?radius=25,45000,55.0
2021,Toyota,RAV4,XLE,26499.0,19947.0,0,1,Personal use,Clean Title,No,No,No,No,No,2024-03-23,https://www.edmunds.com/toyota/rav4/2021/vin/2T3P1RFV1MW191691/?radius=25,45000,25.0
2021,Toyota,RAV4,XLE,26500.0,36009.0,0,1,Personal use,Clean Title,No,No,No,No,No,,https://www.edmunds.com/toyota/rav4/2021/vin/2T3P1RFV1MC184886/?radius=25,45000,
2021,Toyota,RAV4,XLE,26503.0,23018.0,0,1,Personal use,Clean Title,No,No,No,No,No,2024-01-02,https://www.edmunds.com/toyota/rav4/2021/vin/2T3P1RFV4MC152269/?radius=25,45000,106.0
2020,Toyota,RAV4,XLE,26569.0,32654.0,0,1,Personal use,Clean Title,No,No,No,No,No,2024-02-17,https://www.edmunds.com/toyota/rav4/2020/vin/2T3P1RFV9LW137800/?radius=25,60000,60.0
2021,Toyota,RAV4,LE,26595.0,20937.0,0,1,Personal use,Clean Title,No,No,No,No,Yes,2024-03-15,https://www.edmunds.com/toyota/rav4/2021/vin/2T3G1RFV2MW155458/?radius=25,45000,33.0
2022,Toyota,RAV4,LE,26701.0,13829.0,0,1,Personal use,Clean Title,No,No,No,No,No,2024-04-05,https://www.edmunds.com/toyota/rav4/2022/vin/2T3G1RFV4NC274695/?radius=25,30000,12.0
2020,Toyota,RAV4,XLE,26726.0,35159.0,0,1,Personal use,Clean Title,No,No,No,No,No,2023-08-11,https://www.edmunds.com/toyota/rav4/2020/vin/2T3A1RFV8LW127359/?radius=25,60000,250.0
2021,Toyota,RAV4,XLE,26740.0,33050.0,0,1,Personal use,Clean Title,No,No,No,No,Yes,2024-04-05,https://www.edmunds.com/toyota/rav4/2021/vin/2T3P1RFV5MC230896/?radius=25,45000,12.0
2021,Toyota,RAV4,XLE,26795.0,16011.0,0,1,Personal use,Clean Title,No,No,No,No,No,2024-02-16,https://www.edmunds.com/toyota/rav4/2021/vin/2T3P1RFV4MC192237/?radius=25,45000,61.0
2021,Toyota,RAV4,XLE,26895.0,26467.0,0,1,Personal use only,Clean Title,No,No,No,No,No,2024-02-09,https://www.edmunds.com/toyota/rav4/2021/vin/2T3P1RFV1MW193294/?radius=25,45000,68.0
2020,Toyota,RAV4,LE,26899.0,6200.0,0,1,Personal use,Clean Title,No,No,No,No,Yes,2024-03-26,https://www.edmunds.com/toyota/rav4/2020/vin/JTMF1RFV1LD055343/?radius=25,60000,22.0
2021,Toyota,RAV4,LE,26959.0,19097.0,0,1,Personal use,Clean Title,No,No,No,No,No,2024-03-12,https://www.edmunds.com/toyota/rav4/2021/vin/2T3F1RFVXMC183490/?radius=25,45000,36.0
2021,Toyota,RAV4,XLE,26959.0,33024.0,0,1,Personal use,Clean Title,No,No,No,No,No,2024-04-04,https://www.edmunds.com/toyota/rav4/2021/vin/2T3P1RFV5MC199049/?radius=25,45000,13.0
2021,Toyota,RAV4,LE,26989.0,28023.0,0,1,Personal use,Clean Title,No,No,No,No,No,,https://www.edmunds.com/toyota/rav4/2021/vin/2T3H1RFV9MC129056/?radius=25,45000,
2019,Toyota,RAV4,XLE,26990.0,68351.0,0,1,Personal use only,Clean Title,No,No,No,No,No,2024-04-04,https://www.edmunds.com/toyota/rav4/2019/vin/JTMA1RFV4KD517449/?radius=25,75000,13.0
2020,Toyota,RAV4,LE,26990.0,25542.0,0,1,Personal use,Clean Title,No,No,No,No,No,2024-04-04,https://www.edmunds.com/toyota/rav4/2020/vin/JTMG1RFV1LD067433/?radius=25,60000,13.0
2021,Toyota,RAV4,XLE,26995.0,26938.0,0,1,Personal use,Clean Title,No,No,No,No,No,2024-01-13,https://www.edmunds.com/toyota/rav4/2021/vin/2T3P1RFV5MW167149/?radius=25,45000,95.0
2021,Toyota,RAV4,XLE,26995.0,33713.0,0,1,Personal use,Clean Title,No,No,No,No,No,2024-04-10,https://www.edmunds.com/toyota/rav4/2021/vin/2T3P1RFV6MC217946/?radius=25,45000,7.0
2020,Toyota,RAV4,XLE,26995.0,29678.0,0,1,Personal use,Clean Title,No,No,No,No,No,2023-05-05,https://www.edmunds.com/toyota/rav4/2020/vin/2T3A1RFV1LW129275/?radius=25,60000,348.0
2021,Toyota,RAV4,LE,26998.0,24300.0,0,1,Personal use,Clean Title,No,No,No,No,No,,https://www.edmunds.com/toyota/rav4/2021/vin/2T3H1RFV3MC119932/?radius=25,45000,
2020,Toyota,RAV4,LE,26998.0,55911.0,0,1,Personal use only,Clean Title,No,No,No,No,No,,https://www.edmunds.com/toyota/rav4/2020/vin/2T3F1RFV6LC113810/?radius=25,60000,
2020,Toyota,RAV4,LE,26998.0,39963.0,0,1,Personal use,Clean Title,No,No,No,No,No,,https://www.edmunds.com/toyota/rav4/2020/vin/2T3G1RFV0LW119900/?radius=25,60000,
2021,Toyota,RAV4,XLE,26998.0,42278.0,0,1,Personal use,Clean Title,No,No,No,No,No,,https://www.edmunds.com/toyota/rav4/2021/vin/2T3P1RFV3MW188257/?radius=25,45000,
2019,Toyota,RAV4,XLE,26998.0,49291.0,0,1,Personal use,Clean Title,No,No,No,No,No,,https://www.edmunds.com/toyota/rav4/2019/vin/2T3W1RFV7KW030917/?radius=25,75000,
2020,Toyota,RAV4,XLE,26998.0,40470.0,0,1,Personal use,Clean Title,No,No,No,No,No,,https://www.edmunds.com/toyota/rav4/2020/vin/2T3P1RFV5LC124625/?radius=25,60000,
2022,Toyota,RAV4,LE,26998.0,19770.0,0,1,Personal use only,Clean Title,No,No,No,No,No,,https://www.edmunds.com/toyota/rav4/2022/vin/2T3H1RFV6NW224139/?radius=25,30000,
2021,Toyota,RAV4,LE,26998.0,37045.0,0,1,Personal use,Clean Title,No,No,No,No,No,,https://www.edmunds.com/toyota/rav4/2021/vin/2T3F1RFV3MC198610/?radius=25,45000,
2021,Toyota,RAV4,LE,26998.0,34950.0,0,1,Personal use,Clean Title,No,No,No,No,No,,https://www.edmunds.com/toyota/rav4/2021/vin/2T3H1RFV4MC119826/?radius=25,45000,
2021,Toyota,RAV4,LE,26998.0,31913.0,0,1,Personal use,Clean Title,No,No,No,No,No,,https://www.edmunds.com/toyota/rav4/2021/vin/2T3G1RFVXMW144174/?radius=25,45000,
2021,Toyota,RAV4,LE,26998.0,26913.0,0,1,Personal use only,Clean Title,No,No,No,No,No,,https://www.edmunds.com/toyota/rav4/2021/vin/2T3H1RFVXMC106725/?radius=25,45000,
2019,Toyota,RAV4,LE,26998.0,24310.0,0,1,Personal use,Clean Title,No,No,No,No,No,,https://www.edmunds.com/toyota/rav4/2019/vin/2T3F1RFV5KW033945/?radius=25,75000,
2020,Toyota,RAV4,LE,26998.0,31248.0,0,1,Personal use,Clean Title,No,No,No,No,No,,https://www.edmunds.com/toyota/rav4/2020/vin/2T3G1RFV5LW127605/?radius=25,60000,
2020,Toyota,RAV4,XLE,26998.0,34131.0,0,1,Personal use,Clean Title,No,No,No,No,No,,https://www.edmunds.com/toyota/rav4/2020/vin/2T3W1RFVXLW068417/?radius=25,60000,
2019,Toyota,RAV4,XLE,26998.0,31977.0,0,1,Personal use only,Clean Title,No,No,No,No,No,,https://www.edmunds.com/toyota/rav4/2019/vin/JTMW1RFV3KD019538/?radius=25,75000,
2021,Toyota,RAV4,LE,26998.0,25995.0,0,1,Personal use,Clean Title,No,No,No,No,No,,https://www.edmunds.com/toyota/rav4/2021/vin/2T3F1RFV6MC196480/?radius=25,45000,
2020,Toyota,RAV4,LE,26998.0,31372.0,0,1,Personal use only,Clean Title,No,No,No,No,No,,https://www.edmunds.com/toyota/rav4/2020/vin/2T3F1RFVXLC070119/?radius=25,60000,
2019,Toyota,RAV4,LE,26998.0,23770.0,0,1,Personal use only,Clean Title,No,No,No,No,No,,https://www.edmunds.com/toyota/rav4/2019/vin/JTMG1RFV7KD035732/?radius=25,75000,
2021,Toyota,RAV4,LE,26998.0,42263.0,0,1,Personal use,Clean Title,No,No,No,No,No,,https://www.edmunds.com/toyota/rav4/2021/vin/2T3F1RFV7MC243967/?radius=25,45000,
2021,Toyota,RAV4,LE,26998.0,33568.0,0,1,Personal use,Clean Title,No,No,No,No,No,,https://www.edmunds.com/toyota/rav4/2021/vin/2T3G1RFV1MC148681/?radius=25,45000,
2020,Toyota,RAV4,XLE,26998.0,59033.0,0,1,Personal use only,Clean Title,No,No,No,No,No,,https://www.edmunds.com/toyota/rav4/2020/vin/2T3P1RFVXLC131036/?radius=25,60000,
2020,Toyota,RAV4,Base,26998.0,31593.0,0,1,Personal use only,Clean Title,No,No,No,No,No,,https://www.edmunds.com/toyota/rav4/2020/vin/JTMH1RFV5LD048355/?radius=25,60000,
2021,Toyota,RAV4,LE,26998.0,27047.0,0,1,Personal use,Clean Title,No,No,No,No,No,,https://www.edmunds.com/toyota/rav4/2021/vin/2T3F1RFVXMC167192/?radius=25,45000,
2021,Toyota,RAV4,LE,26998.0,26927.0,0,1,Personal use,Clean Title,No,No,No,No,No,,https://www.edmunds.com/toyota/rav4/2021/vin/2T3F1RFV8MC228930/?radius=25,45000,
2021,Toyota,RAV4,LE,26998.0,33931.0,0,1,Personal use,Clean Title,No,No,No,No,No,,https://www.edmunds.com/toyota/rav4/2021/vin/2T3F1RFV7MC165304/?radius=25,45000,
2020,Toyota,RAV4,XLE,26998.0,27463.0,0,1,Personal use,Clean Title,No,No,No,No,No,,https://www.edmunds.com/toyota/rav4/2020/vin/2T3W1RFV9LW067646/?radius=25,60000,
2021,Toyota,RAV4,LE,26998.0,39643.0,0,1,Personal use only,Clean Title,No,No,No,No,No,,https://www.edmunds.com/toyota/rav4/2021/vin/2T3K1RFV5MC134034/?radius=25,45000,
2021,Toyota,RAV4,LE,26998.0,33568.0,0,1,Personal use,Clean Title,No,No,No,No,No,,https://www.edmunds.com/toyota/rav4/2021/vin/2T3G1RFV1MC148681/?radius=25,45000,
2021,Toyota,RAV4,LE,26998.0,29611.0,0,1,Personal use only,Clean Title,No,No,No,No,No,,https://www.edmunds.com/toyota/rav4/2021/vin/2T3H1RFV9MW168325/?radius=25,45000,
2021,Toyota,RAV4,LE,26998.0,26959.0,0,1,Personal use,Clean Title,No,No,No,No,No,,https://www.edmunds.com/toyota/rav4/2021/vin/2T3G1RFV3MC176952/?radius=25,45000,
2020,Toyota,RAV4,Base,26998.0,13453.0,0,1,Personal use only,Clean Title,No,No,No,No,No,,https://www.edmunds.com/toyota/rav4/2020/vin/2T3K1RFV8LC040146/?radius=25,60000,
2021,Toyota,RAV4,LE,26998.0,31060.0,0,1,Personal use,Clean Title,No,No,No,No,No,,https://www.edmunds.com/toyota/rav4/2021/vin/2T3G1RFVXMW176476/?radius=25,45000,
2021,Toyota,RAV4,XLE,26998.0,41792.0,0,1,Personal use,Clean Title,No,No,No,No,No,,https://www.edmunds.com/toyota/rav4/2021/vin/2T3W1RFV2MW143273/?radius=25,45000,
2021,Toyota,RAV4,XLE,26998.0,38163.0,0,1,Personal use,Clean Title,No,No,No,No,No,,https://www.edmunds.com/toyota/rav4/2021/vin/2T3W1RFV1MC148403/?radius=25,45000,
2023,Toyota,RAV4,LE,27093.0,13130.0,0,1,Personal use only,Clean Title,No,No,No,No,No,,https://www.edmunds.com/toyota/rav4/2023/vin/2T3H1RFV0PW274568/?radius=25,15000,
2021,Toyota,RAV4,XLE,27118.0,25420.0,0,1,Personal use only,Clean Title,No,No,No,No,No,2024-04-08,https://www.edmunds.com/toyota/rav4/2021/vin/2T3P1RFV7MC232214/?radius=25,45000,9.0
2022,Toyota,RAV4,LE,27136.0,21587.0,0,1,Personal use,Clean Title,No,No,No,No,No,,https://www.edmunds.com/toyota/rav4/2022/vin/2T3G1RFV4NC293568/?radius=25,30000,
2021,Toyota,RAV4,XLE,27377.0,34590.0,0,1,Personal use only,Clean Title,No,No,No,No,No,,https://www.edmunds.com/toyota/rav4/2021/vin/2T3P1RFV6MC180946/?radius=25,45000,
2021,Toyota,RAV4,XLE,27430.0,25344.0,0,1,Personal use,Clean Title,No,No,No,No,No,2024-04-09,https://www.edmunds.com/toyota/rav4/2021/vin/2T3P1RFV0MC227288/?radius=25,45000,8.0
2021,Toyota,RAV4,XLE,27462.0,19683.0,0,1,Personal use,Clean Title,No,No,No,No,No,2024-04-08,https://www.edmunds.com/toyota/rav4/2021/vin/2T3P1RFV9MC199944/?radius=25,45000,9.0
2021,Toyota,RAV4,LE,27500.0,23656.0,0,1,Personal use,Clean Title,No,No,No,No,No,2024-03-27,https://www.edmunds.com/toyota/rav4/2021/vin/2T3F1RFV9MC200473/?radius=25,45000,21.0
2020,Toyota,RAV4,XLE,27588.0,50401.0,0,1,Personal use only,Clean Title,No,No,No,No,Yes,2024-03-12,https://www.edmunds.com/toyota/rav4/2020/vin/2T3A1RFV1LW101136/?radius=25,60000,36.0
2020,Toyota,RAV4,Base,27590.0,19452.0,0,1,Personal use only,Clean Title,No,No,No,No,No,2024-03-11,https://www.edmunds.com/toyota/rav4/2020/vin/2T3K1RFV3LC038577/?radius=25,60000,37.0
2021,Toyota,RAV4,LE,27595.0,36002.0,0,1,Personal use,Clean Title,No,No,No,No,No,2024-03-10,https://www.edmunds.com/toyota/rav4/2021/vin/2T3F1RFV1MC190019/?radius=25,45000,38.0
2020,Toyota,RAV4,XLE,27599.0,39447.0,0,1,Personal use only,Clean Title,No,No,No,No,No,,https://www.edmunds.com/toyota/rav4/2020/vin/JTMA1RFV5LD526713/?radius=25,60000,
2021,Toyota,RAV4,XLE,27759.0,36105.0,0,1,Personal use,Clean Title,No,No,No,No,Yes,2023-10-14,https://www.edmunds.com/toyota/rav4/2021/vin/2T3P1RFV4MW157678/?radius=25,45000,186.0
2020,Toyota,RAV4,LE,27777.0,22183.0,0,1,Personal use,Clean Title,No,No,No,No,Yes,2023-09-18,https://www.edmunds.com/toyota/rav4/2020/vin/JTMF1RFV6LD068900/?radius=25,60000,212.0
2021,Toyota,RAV4,LE,27795.0,17899.0,0,1,Personal use,Clean Title,No,No,No,No,Yes,2024-04-09,https://www.edmunds.com/toyota/rav4/2021/vin/2T3F1RFV9MC236518/?radius=25,45000,8.0
2021,Toyota,RAV4,XLE,27810.0,26489.0,0,1,Personal use,Clean Title,No,No,No,No,No,2024-03-09,https://www.edmunds.com/toyota/rav4/2021/vin/2T3A1RFV4MC200844/?radius=25,45000,39.0
2019,Toyota,RAV4,Limited,27810.0,30371.0,0,1,Personal use only,Clean Title,No,No,No,No,No,2024-02-21,https://www.edmunds.com/toyota/rav4/2019/vin/2T3N1RFVXKC019620/?radius=25,75000,56.0
2021,Toyota,RAV4,LE,27857.0,19116.0,0,1,Personal use,Clean Title,No,No,No,No,Yes,2024-03-25,https://www.edmunds.com/toyota/rav4/2021/vin/2T3F1RFV5MC204259/?radius=25,45000,23.0
2021,Toyota,RAV4,XLE,27935.0,20340.0,0,1,Personal use,Clean Title,No,No,No,No,Yes,2024-04-05,https://www.edmunds.com/toyota/rav4/2021/vin/2T3P1RFV9MC226740/?radius=25,45000,12.0
2023,Toyota,RAV4,LE,27959.0,10023.0,0,1,Personal use,Clean Title,No,No,No,No,No,2024-04-05,https://www.edmunds.com/toyota/rav4/2023/vin/2T3H1RFVXPW283066/?radius=25,15000,12.0
2021,Toyota,RAV4,XLE,27960.0,20947.0,0,1,Personal use,Clean Title,No,No,No,No,Yes,2024-04-02,https://www.edmunds.com/toyota/rav4/2021/vin/2T3P1RFV0MW215950/?radius=25,45000,15.0
2021,Toyota,RAV4,XLE,27960.0,20947.0,0,1,Personal use,Clean Title,No,No,No,No,Yes,2024-04-02,https://www.edmunds.com/toyota/rav4/2021/vin/2T3P1RFV0MW215950/?radius=25,45000,15.0
2021,Toyota,RAV4,LE,27971.0,39785.0,0,1,Personal use,Clean Title,No,No,No,No,No,2024-03-11,https://www.edmunds.com/toyota/rav4/2021/vin/2T3F1RFV5MC192498/?radius=25,45000,37.0
2021,Toyota,RAV4,XLE,27977.0,26792.0,0,1,Personal use only,Clean Title,No,No,No,No,Yes,2024-04-01,https://www.edmunds.com/toyota/rav4/2021/vin/2T3P1RFV7MW207571/?radius=25,45000,16.0
2020,Toyota,RAV4,LE,27980.0,34344.0,0,1,Personal use,Clean Title,No,No,No,No,No,2024-03-27,https://www.edmunds.com/toyota/rav4/2020/vin/2T3F1RFV8LC073780/?radius=25,60000,21.0
2021,Toyota,RAV4,XLE,27988.0,24906.0,0,1,Personal use,Clean Title,No,No,No,No,Yes,2024-03-28,https://www.edmunds.com/toyota/rav4/2021/vin/JTMP1RFVXMD072180/?radius=25,45000,20.0
2021,Toyota,RAV4,XLE,27989.0,37617.0,0,1,Personal use only,Clean Title,No,No,No,No,No,,https://www.edmunds.com/toyota/rav4/2021/vin/2T3C1RFV4MW134268/?radius=25,45000,
2019,Toyota,RAV4,XLE,27990.0,41273.0,0,1,Personal use only,Clean Title,No,No,No,No,No,2024-04-11,https://www.edmunds.com/toyota/rav4/2019/vin/2T3C1RFV2KC008196/?radius=25,75000,6.0
2019,Toyota,RAV4,XLE,27990.0,21340.0,0,1,Personal use,Clean Title,No,No,No,No,No,2024-02-19,https://www.edmunds.com/toyota/rav4/2019/vin/2T3P1RFVXKW073118/?radius=25,75000,58.0
2021,Toyota,RAV4,XLE,27991.0,29648.0,0,1,Personal use,Clean Title,No,No,No,No,No,,https://www.edmunds.com/toyota/rav4/2021/vin/2T3P1RFV7MC188229/?radius=25,45000,
2021,Toyota,RAV4,XLE,27991.0,44752.0,0,1,Personal use,Clean Title,No,No,No,No,No,2024-04-01,https://www.edmunds.com/toyota/rav4/2021/vin/2T3A1RFV5MC192012/?radius=25,45000,16.0
2022,Toyota,RAV4,LE,27992.0,16707.0,0,1,Personal use,Clean Title,No,No,No,No,No,2024-03-07,https://www.edmunds.com/toyota/rav4/2022/vin/2T3F1RFV3NW261866/?radius=25,30000,41.0
2021,Toyota,RAV4,LE,27995.0,23971.0,0,1,Personal use,Clean Title,No,No,No,No,No,2024-03-06,https://www.edmunds.com/toyota/rav4/2021/vin/2T3G1RFV0MC188895/?radius=25,45000,42.0
2021,Toyota,RAV4,LE,27995.0,32002.0,0,1,Personal use,Clean Title,No,No,No,No,No,2024-04-07,https://www.edmunds.com/toyota/rav4/2021/vin/2T3G1RFV2MC181740/?radius=25,45000,10.0
2020,Toyota,RAV4,XLE,27997.0,42351.0,0,1,Personal use,Clean Title,No,No,No,No,Yes,2024-02-27,https://www.edmunds.com/toyota/rav4/2020/vin/2T3P1RFV5LW103644/?radius=25,60000,50.0
2021,Toyota,RAV4,LE,27998.0,29819.0,0,1,Personal use,Clean Title,No,No,No,No,No,,https://www.edmunds.com/toyota/rav4/2021/vin/2T3H1RFVXMC141071/?radius=25,45000,
2021,Toyota,RAV4,LE,27998.0,25549.0,0,1,Personal use,Clean Title,No,No,No,No,No,,https://www.edmunds.com/toyota/rav4/2021/vin/2T3F1RFV0MC212771/?radius=25,45000,
2021,Toyota,RAV4,XLE,27998.0,37517.0,0,1,Personal use only,Clean Title,No,No,No,No,No,,https://www.edmunds.com/toyota/rav4/2021/vin/2T3W1RFV3MC096689/?radius=25,45000,
2020,Toyota,RAV4,XLE,27998.0,39274.0,0,1,Personal use only,Clean Title,No,No,No,No,No,,https://www.edmunds.com/toyota/rav4/2020/vin/JTMP1RFV0LJ036823/?radius=25,60000,
2021,Toyota,RAV4,XLE,27998.0,41080.0,0,1,Personal use,Clean Title,No,No,No,No,No,,https://www.edmunds.com/toyota/rav4/2021/vin/2T3W1RFV0MC130457/?radius=25,45000,
2022,Toyota,RAV4,LE,27998.0,27363.0,0,1,Personal use only,Clean Title,No,No,No,No,No,,https://www.edmunds.com/toyota/rav4/2022/vin/2T3F1RFVXNC261526/?radius=25,30000,
2021,Toyota,RAV4,LE,27998.0,21658.0,0,1,Personal use only,Clean Title,No,No,No,No,No,,https://www.edmunds.com/toyota/rav4/2021/vin/2T3F1RFV6MC224035/?radius=25,45000,
2021,Toyota,RAV4,LE,27998.0,29647.0,0,1,Personal use,Clean Title,No,No,No,No,No,,https://www.edmunds.com/toyota/rav4/2021/vin/2T3F1RFV0MW160153/?radius=25,45000,
2021,Toyota,RAV4,LE,27998.0,19881.0,0,1,Personal use,Clean Title,No,No,No,No,No,,https://www.edmunds.com/toyota/rav4/2021/vin/2T3F1RFV1MC167503/?radius=25,45000,
2021,Toyota,RAV4,LE,27998.0,19625.0,0,1,Personal use,Clean Title,No,No,No,No,No,,https://www.edmunds.com/toyota/rav4/2021/vin/2T3G1RFV9MC148847/?radius=25,45000,
2021,Toyota,RAV4,XLE,27998.0,19694.0,0,1,Personal use,Clean Title,No,No,No,No,No,,https://www.edmunds.com/toyota/rav4/2021/vin/2T3W1RFV3MC106329/?radius=25,45000,
2021,Toyota,RAV4,LE,27998.0,29586.0,0,1,Personal use,Clean Title,No,No,No,No,No,,https://www.edmunds.com/toyota/rav4/2021/vin/2T3F1RFV5MC187074/?radius=25,45000,
2021,Toyota,RAV4,XLE,27998.0,29083.0,0,1,Personal use,Clean Title,No,No,No,No,No,,https://www.edmunds.com/toyota/rav4/2021/vin/2T3W1RFVXMC131261/?radius=25,45000,
2021,Toyota,RAV4,LE,27998.0,25245.0,0,1,Personal use,Clean Title,No,No,No,No,No,,https://www.edmunds.com/toyota/rav4/2021/vin/2T3F1RFV9MC193699/?radius=25,45000,
2019,Toyota,RAV4,XLE,27998.0,22501.0,0,1,Personal use only,Clean Title,No,No,No,No,No,,https://www.edmunds.com/toyota/rav4/2019/vin/JTMP1RFV5KD040962/?radius=25,75000,
2021,Toyota,RAV4,LE,27998.0,24695.0,0,1,Personal use,Clean Title,No,No,No,No,No,,https://www.edmunds.com/toyota/rav4/2021/vin/2T3F1RFV2MC202520/?radius=25,45000,
2021,Toyota,RAV4,LE,27998.0,16345.0,0,1,Personal use only,Clean Title,No,No,No,No,No,,https://www.edmunds.com/toyota/rav4/2021/vin/2T3F1RFV4MC174025/?radius=25,45000,
2019,Toyota,RAV4,Limited,27998.0,70878.0,0,1,Personal use only,Clean Title,No,No,No,No,No,,https://www.edmunds.com/toyota/rav4/2019/vin/JTMN1RFV0KD512704/?radius=25,75000,
2021,Toyota,RAV4,XLE,27998.0,23840.0,0,1,Personal use,Clean Title,No,No,No,No,No,,https://www.edmunds.com/toyota/rav4/2021/vin/2T3W1RFV6MC124016/?radius=25,45000,
2020,Toyota,RAV4,XLE,27998.0,42755.0,0,1,Personal use,Clean Title,No,No,No,No,No,,https://www.edmunds.com/toyota/rav4/2020/vin/2T3P1RFV8LW132278/?radius=25,60000,
2021,Toyota,RAV4,LE,27998.0,23215.0,0,1,Personal use,Clean Title,No,No,No,No,No,,https://www.edmunds.com/toyota/rav4/2021/vin/2T3F1RFV9MC176935/?radius=25,45000,
2019,Toyota,RAV4,LE,27998.0,3789.0,0,1,Personal use only,Clean Title,No,No,No,No,No,,https://www.edmunds.com/toyota/rav4/2019/vin/2T3H1RFV0KW002255/?radius=25,75000,
2019,Toyota,RAV4,XLE,27998.0,31017.0,0,1,Personal use only,Clean Title,No,No,No,No,No,,https://www.edmunds.com/toyota/rav4/2019/vin/2T3P1RFV6KC021132/?radius=25,75000,
2021,Toyota,RAV4,LE,27998.0,19900.0,0,1,Personal use,Clean Title,No,No,No,No,No,,https://www.edmunds.com/toyota/rav4/2021/vin/2T3H1RFV1MC113191/?radius=25,45000,
2021,Toyota,RAV4,XLE,27998.0,34559.0,0,1,Personal use,Clean Title,No,No,No,No,No,,https://www.edmunds.com/toyota/rav4/2021/vin/JTMW1RFV4MD523048/?radius=25,45000,
2021,Toyota,RAV4,LE,27998.0,25815.0,0,1,Personal use,Clean Title,No,No,No,No,No,,https://www.edmunds.com/toyota/rav4/2021/vin/2T3F1RFVXMC157665/?radius=25,45000,
2021,Toyota,RAV4,LE,27998.0,17473.0,0,1,Personal use,Clean Title,No,No,No,No,No,,https://www.edmunds.com/toyota/rav4/2021/vin/2T3H1RFV6MC125157/?radius=25,45000,
2021,Toyota,RAV4,XLE,27998.0,27848.0,0,1,Personal use only,Clean Title,No,No,No,No,No,,https://www.edmunds.com/toyota/rav4/2021/vin/2T3W1RFV6MC161342/?radius=25,45000,
2021,Toyota,RAV4,XLE,27999.0,19051.0,0,1,Personal use,Clean Title,No,No,No,No,No,2024-02-22,https://www.edmunds.com/toyota/rav4/2021/vin/2T3P1RFV6MC182163/?radius=25,45000,55.0
2021,Toyota,RAV4,XLE,27999.0,26672.0,0,1,Personal use,Clean Title,No,No,No,No,No,2024-04-09,https://www.edmunds.com/toyota/rav4/2021/vin/2T3P1RFV9MW188232/?radius=25,45000,8.0
2021,Toyota,RAV4,XLE,27999.0,28447.0,0,1,Personal use,Clean Title,No,No,No,No,No,2024-01-10,https://www.edmunds.com/toyota/rav4/2021/vin/2T3P1RFV2MC179261/?radius=25,45000,98.0
2021,Toyota,RAV4,XLE,28197.0,21522.0,0,1,Personal use,Clean Title,No,No,No,No,No,2024-04-04,https://www.edmunds.com/toyota/rav4/2021/vin/2T3A1RFVXMC168028/?radius=25,45000,13.0
2021,Toyota,RAV4,XLE,28257.0,14298.0,0,1,Personal use,Clean Title,No,No,No,No,No,2024-03-08,https://www.edmunds.com/toyota/rav4/2021/vin/2T3P1RFV4MC180900/?radius=25,45000,40.0
2021,Toyota,RAV4,XLE,28258.0,16983.0,0,1,Personal use,Clean Title,No,No,No,No,Yes,2024-04-02,https://www.edmunds.com/toyota/rav4/2021/vin/2T3P1RFV8MW207384/?radius=25,45000,15.0
2022,Toyota,RAV4,LE,28314.0,7566.0,0,1,Personal use only,Clean Title,No,No,No,No,Yes,2024-03-13,https://www.edmunds.com/toyota/rav4/2022/vin/2T3F1RFV1NW296146/?radius=25,30000,35.0
2021,Toyota,RAV4,XLE,28422.0,31948.0,0,1,Personal use,Clean Title,No,No,No,No,No,2024-01-31,https://www.edmunds.com/toyota/rav4/2021/vin/2T3P1RFV0MW195652/?radius=25,45000,77.0
2021,Toyota,RAV4,XLE,28488.0,33317.0,0,1,Personal use,Clean Title,No,No,No,No,No,2024-01-23,https://www.edmunds.com/toyota/rav4/2021/vin/2T3A1RFV5MC167790/?radius=25,45000,85.0
2021,Toyota,RAV4,XLE,28490.0,34302.0,0,1,Personal use,Clean Title,No,No,No,No,No,,https://www.edmunds.com/toyota/rav4/2021/vin/2T3P1RFV9MW175206/?radius=25,45000,
2021,Toyota,RAV4,XLE,28590.0,37778.0,0,1,Personal use only,Clean Title,No,No,No,No,No,2024-03-21,https://www.edmunds.com/toyota/rav4/2021/vin/2T3P1RFV4MC227231/?radius=25,45000,27.0
2021,Toyota,RAV4,XLE,28590.0,37399.0,0,1,Personal use only,Clean Title,No,No,No,No,No,2024-03-25,https://www.edmunds.com/toyota/rav4/2021/vin/2T3P1RFVXMW178275/?radius=25,45000,23.0
2021,Toyota,RAV4,XLE,28622.0,20017.0,0,1,Personal use,Clean Title,No,No,No,No,No,2024-01-31,https://www.edmunds.com/toyota/rav4/2021/vin/2T3P1RFV3MC254260/?radius=25,45000,77.0
2019,Toyota,RAV4,Limited,28690.0,31453.0,0,1,Personal use only,Clean Title,No,No,No,No,No,,https://www.edmunds.com/toyota/rav4/2019/vin/2T3Y1RFV2KW041798/?radius=25,75000,
2019,Toyota,RAV4,XLE,28777.0,30959.0,0,1,Personal use,Clean Title,No,No,No,No,No,2024-03-30,https://www.edmunds.com/toyota/rav4/2019/vin/JTMA1RFV2KD513786/?radius=25,75000,18.0
2021,Toyota,RAV4,XLE,28874.0,23861.0,0,1,Personal use,Clean Title,No,No,No,No,No,2024-03-17,https://www.edmunds.com/toyota/rav4/2021/vin/2T3P1RFV6MW180122/?radius=25,45000,31.0
2021,Toyota,RAV4,XLE,28888.0,24604.0,0,1,Personal use,Clean Title,No,No,No,No,No,,https://www.edmunds.com/toyota/rav4/2021/vin/2T3P1RFV2MC193919/?radius=25,45000,
2021,Toyota,RAV4,XLE,28888.0,24678.0,0,1,Personal use,Clean Title,No,No,No,No,No,,https://www.edmunds.com/toyota/rav4/2021/vin/2T3W1RFV6MC129183/?radius=25,45000,
2021,Toyota,RAV4,XLE,28888.0,24678.0,0,1,Personal use,Clean Title,No,No,No,No,No,,https://www.edmunds.com/toyota/rav4/2021/vin/2T3W1RFV6MC129183/?radius=25,45000,
2020,Toyota,RAV4,XLE,28904.0,39877.0,0,1,Personal use only,Clean Title,No,No,No,No,No,2024-03-02,https://www.edmunds.com/toyota/rav4/2020/vin/2T3P1RFV3LW117042/?radius=25,60000,46.0
2020,Toyota,RAV4,LE,28959.0,34150.0,0,1,Personal use,Clean Title,No,No,No,No,No,2024-03-21,https://www.edmunds.com/toyota/rav4/2020/vin/2T3G1RFV8LC078045/?radius=25,60000,27.0
2021,Toyota,RAV4,XLE,28982.0,36971.0,0,1,Personal use,Clean Title,No,No,No,No,No,2024-03-12,https://www.edmunds.com/toyota/rav4/2021/vin/2T3P1RFV2MC162184/?radius=25,45000,36.0
2021,Toyota,RAV4,XLE,28985.0,12576.0,0,1,Personal use,Clean Title,No,No,No,No,No,2024-03-04,https://www.edmunds.com/toyota/rav4/2021/vin/2T3P1RFV2MW149286/?radius=25,45000,44.0
2022,Toyota,RAV4,LE,28990.0,18325.0,0,1,Personal use only,Clean Title,No,No,No,No,No,2024-03-21,https://www.edmunds.com/toyota/rav4/2022/vin/2T3F1RFV4NW301999/?radius=25,30000,27.0
2021,Toyota,RAV4,XLE,28990.0,27950.0,0,1,Personal use,Clean Title,No,No,No,No,No,,https://www.edmunds.com/toyota/rav4/2021/vin/2T3P1RFVXMC172025/?radius=25,45000,
2021,Toyota,RAV4,XLE,28990.0,31513.0,0,1,Personal use,Clean Title,No,No,No,No,No,2024-04-08,https://www.edmunds.com/toyota/rav4/2021/vin/2T3W1RFV1MW108014/?radius=25,45000,9.0
2020,Toyota,RAV4,XLE,28990.0,53960.0,0,1,Personal use,Clean Title,No,No,No,No,No,2024-04-11,https://www.edmunds.com/toyota/rav4/2020/vin/JTMC1RFV9LD049034/?radius=25,60000,6.0
2021,Toyota,RAV4,LE,28991.0,35379.0,0,1,Personal use,Clean Title,No,No,No,No,No,,https://www.edmunds.com/toyota/rav4/2021/vin/2T3H1RFVXMC131933/?radius=25,45000,
2021,Toyota,RAV4,LE,28992.0,25521.0,0,1,Personal use,Clean Title,No,No,No,No,No,2024-04-10,https://www.edmunds.com/toyota/rav4/2021/vin/2T3F1RFV7MW212314/?radius=25,45000,7.0
2021,Toyota,RAV4,LE,28995.0,40456.0,0,1,Personal use,Clean Title,No,No,No,No,No,2024-02-22,https://www.edmunds.com/toyota/rav4/2021/vin/2T3G1RFV1MW155807/?radius=25,45000,55.0
2021,Toyota,RAV4,LE,28995.0,34971.0,0,1,Personal use,Clean Title,No,No,No,No,No,2024-04-03,https://www.edmunds.com/toyota/rav4/2021/vin/2T3G1RFV8MC181256/?radius=25,45000,14.0
2021,Toyota,RAV4,LE,28995.0,40456.0,0,1,Personal use,Clean Title,No,No,No,No,No,2024-02-22,https://www.edmunds.com/toyota/rav4/2021/vin/2T3G1RFV1MW155807/?radius=25,45000,55.0
2021,Toyota,RAV4,LE,28998.0,18877.0,0,1,Personal use,Clean Title,No,No,No,No,No,,https://www.edmunds.com/toyota/rav4/2021/vin/2T3F1RFV8MW171398/?radius=25,45000,
2020,Toyota,RAV4,LE,28998.0,8351.0,0,1,Personal use,Clean Title,No,No,No,No,No,,https://www.edmunds.com/toyota/rav4/2020/vin/2T3G1RFV6LW129525/?radius=25,60000,
2021,Toyota,RAV4,LE,28998.0,28526.0,0,1,Personal use,Clean Title,No,No,No,No,No,,https://www.edmunds.com/toyota/rav4/2021/vin/2T3F1RFV2MW187757/?radius=25,45000,
2022,Toyota,RAV4,XLE,28998.0,16020.0,0,1,Personal use only,Clean Title,No,No,No,No,No,,https://www.edmunds.com/toyota/rav4/2022/vin/2T3W1RFV7NC177390/?radius=25,30000,
2020,Toyota,RAV4,Base,28998.0,3352.0,0,1,Personal use,Clean Title,No,No,No,No,No,,https://www.edmunds.com/toyota/rav4/2020/vin/2T3H1RFV8LW069204/?radius=25,60000,
2021,Toyota,RAV4,XLE,28998.0,23239.0,0,1,Personal use,Clean Title,No,No,No,No,No,,https://www.edmunds.com/toyota/rav4/2021/vin/2T3W1RFV0MW137939/?radius=25,45000,
2019,Toyota,RAV4,XLE,28998.0,19786.0,0,1,Personal use only,Clean Title,No,No,No,No,No,,https://www.edmunds.com/toyota/rav4/2019/vin/2T3W1RFV6KW011209/?radius=25,75000,
2020,Toyota,RAV4,XLE,28998.0,39943.0,0,1,Personal use,Clean Title,No,No,No,No,No,,https://www.edmunds.com/toyota/rav4/2020/vin/JTMP1RFV7LJ029688/?radius=25,60000,
2020,Toyota,RAV4,XLE,28998.0,39943.0,0,1,Personal use,Clean Title,No,No,No,No,No,,https://www.edmunds.com/toyota/rav4/2020/vin/JTMP1RFV7LJ029688/?radius=25,60000,
2020,Toyota,RAV4,Limited,28998.0,39719.0,0,1,Personal use only,Clean Title,No,No,No,No,No,,https://www.edmunds.com/toyota/rav4/2020/vin/JTMY1RFV3LD521847/?radius=25,60000,
2020,Toyota,RAV4,Base,28998.0,19098.0,0,1,Personal use only,Clean Title,No,No,No,No,No,,https://www.edmunds.com/toyota/rav4/2020/vin/2T3H1RFV2LW096544/?radius=25,60000,
2021,Toyota,RAV4,XLE,28998.0,32915.0,0,1,Personal use,Clean Title,No,No,No,No,No,,https://www.edmunds.com/toyota/rav4/2021/vin/2T3P1RFV8MW187945/?radius=25,45000,
2021,Toyota,RAV4,XLE,28998.0,39668.0,0,1,Personal use only,Clean Title,No,No,No,No,No,,https://www.edmunds.com/toyota/rav4/2021/vin/2T3W1RFV1MC116275/?radius=25,45000,
2021,Toyota,RAV4,LE,28998.0,25547.0,0,1,Personal use,Clean Title,No,No,No,No,No,,https://www.edmunds.com/toyota/rav4/2021/vin/2T3F1RFV2MC213307/?radius=25,45000,
2022,Toyota,RAV4,LE,28998.0,19227.0,0,1,Personal use only,Clean Title,No,No,No,No,No,,https://www.edmunds.com/toyota/rav4/2022/vin/2T3H1RFVXNC173309/?radius=25,30000,
2021,Toyota,RAV4,XLE,28998.0,33063.0,0,1,Personal use,Clean Title,No,No,No,No,No,,https://www.edmunds.com/toyota/rav4/2021/vin/2T3W1RFV6MC103859/?radius=25,45000,
2019,Toyota,RAV4,XLE,28998.0,33687.0,0,1,Personal use,Clean Title,No,No,No,No,No,,https://www.edmunds.com/toyota/rav4/2019/vin/JTMA1RFV7KD512942/?radius=25,75000,
2021,Toyota,RAV4,XLE,28998.0,31416.0,0,1,Personal use,Clean Title,No,No,No,No,No,,https://www.edmunds.com/toyota/rav4/2021/vin/2T3W1RFVXMC129137/?radius=25,45000,
2021,Toyota,RAV4,LE,28998.0,10551.0,0,1,Personal use only,Clean Title,No,No,No,No,No,,https://www.edmunds.com/toyota/rav4/2021/vin/2T3F1RFV4MW188330/?radius=25,45000,
2021,Toyota,RAV4,XLE,28998.0,12892.0,0,1,Personal use,Clean Title,No,No,No,No,No,,https://www.edmunds.com/toyota/rav4/2021/vin/2T3W1RFV7MC122677/?radius=25,45000,
2021,Toyota,RAV4,LE,28998.0,27579.0,0,1,Personal use only,Clean Title,No,No,No,No,No,,https://www.edmunds.com/toyota/rav4/2021/vin/2T3F1RFV3MW224556/?radius=25,45000,
2019,Toyota,RAV4,XLE,28998.0,33194.0,0,1,Personal use only,Clean Title,No,No,No,No,No,,https://www.edmunds.com/toyota/rav4/2019/vin/JTMP1RFV6KJ016266/?radius=25,75000,
2021,Toyota,RAV4,LE,28998.0,14284.0,0,1,Personal use,Clean Title,No,No,No,No,No,,https://www.edmunds.com/toyota/rav4/2021/vin/2T3F1RFV1MC159577/?radius=25,45000,
2023,Toyota,RAV4,LE,28998.0,9451.0,0,1,Personal use only,Clean Title,No,No,No,No,No,,https://www.edmunds.com/toyota/rav4/2023/vin/2T3H1RFV5PC235198/?radius=25,15000,
2020,Toyota,RAV4,LE,28998.0,14689.0,0,1,Personal use only,Clean Title,No,No,No,No,No,,https://www.edmunds.com/toyota/rav4/2020/vin/2T3G1RFV9LC076627/?radius=25,60000,
2021,Toyota,RAV4,XLE,28998.0,31458.0,0,1,Personal use,Clean Title,No,No,No,No,No,,https://www.edmunds.com/toyota/rav4/2021/vin/2T3W1RFV1MC125932/?radius=25,45000,
2021,Toyota,RAV4,XLE,28998.0,31541.0,0,1,Personal use,Clean Title,No,No,No,No,No,,https://www.edmunds.com/toyota/rav4/2021/vin/2T3P1RFV3MC185568/?radius=25,45000,
2022,Toyota,RAV4,LE,28998.0,12657.0,0,1,Personal use only,Clean Title,No,No,No,No,No,,https://www.edmunds.com/toyota/rav4/2022/vin/2T3H1RFV9NC185886/?radius=25,30000,
2022,Toyota,RAV4,LE,28999.0,17795.0,0,1,Personal use,Clean Title,No,No,No,No,No,2024-04-02,https://www.edmunds.com/toyota/rav4/2022/vin/2T3F1RFV3NC279348/?radius=25,30000,15.0
2019,Toyota,RAV4,Limited,29000.0,30435.0,0,1,Personal use only,Clean Title,No,No,No,No,No,,https://www.edmunds.com/toyota/rav4/2019/vin/JTMY1RFVXKD506406/?radius=25,75000,
2021,Toyota,RAV4,XLE,29116.0,4199.0,0,1,Personal use,Clean Title,No,No,No,No,No,2024-04-10,https://www.edmunds.com/toyota/rav4/2021/vin/2T3P1RFV9MW218684/?radius=25,45000,7.0
2021,Toyota,RAV4,XLE,29174.0,19978.0,0,1,Personal use,Clean Title,No,No,No,No,Yes,2024-03-19,https://www.edmunds.com/toyota/rav4/2021/vin/2T3P1RFV9MC224213/?radius=25,45000,29.0
2021,Toyota,RAV4,XLE,29411.0,22730.0,0,1,Personal use,Clean Title,No,No,No,No,No,2024-03-13,https://www.edmunds.com/toyota/rav4/2021/vin/2T3P1RFV2MW192123/?radius=25,45000,35.0
2021,Toyota,RAV4,XLE,29423.0,15677.0,0,1,Personal use,Clean Title,No,No,No,No,Yes,2024-02-29,https://www.edmunds.com/toyota/rav4/2021/vin/2T3P1RFV5MC220689/?radius=25,45000,48.0
2022,Toyota,RAV4,XLE,29491.0,9923.0,0,1,Personal use,Clean Title,No,No,No,No,No,2023-12-22,https://www.edmunds.com/toyota/rav4/2022/vin/2T3P1RFV4NC305508/?radius=25,30000,117.0
2019,Toyota,RAV4,XLE,29500.0,31458.0,0,1,Personal use only,Clean Title,No,No,No,No,No,2023-10-26,https://www.edmunds.com/toyota/rav4/2019/vin/2T3A1RFV9KC057287/?radius=25,75000,174.0
2021,Toyota,RAV4,LE,29500.0,20132.0,0,1,Personal use,Clean Title,No,No,No,No,No,2024-03-16,https://www.edmunds.com/toyota/rav4/2021/vin/2T3F1RFV1MW140882/?radius=25,45000,32.0
2021,Toyota,RAV4,XLE,29589.0,39405.0,0,1,Personal use,Clean Title,No,No,No,No,No,2024-03-12,https://www.edmunds.com/toyota/rav4/2021/vin/2T3P1RFV8MC193164/?radius=25,45000,36.0
2020,Toyota,RAV4,XLE,29590.0,16280.0,0,1,Personal use only,Clean Title,No,No,No,No,No,2024-03-30,https://www.edmunds.com/toyota/rav4/2020/vin/JTMW1RFV1LD060557/?radius=25,60000,18.0
2021,Toyota,RAV4,XLE,29750.0,9717.0,0,1,Personal use only,Clean Title,No,No,No,No,Yes,2024-03-16,https://www.edmunds.com/toyota/rav4/2021/vin/2T3P1RFV4MC240836/?radius=25,45000,32.0
2023,Toyota,RAV4,LE,29861.0,9633.0,0,1,Personal use only,Clean Title,No,No,No,No,No,,https://www.edmunds.com/toyota/rav4/2023/vin/2T3F1RFVXPW395261/?radius=25,15000,
2020,Toyota,RAV4,XLE,29883.0,38587.0,0,1,Personal use,Clean Title,No,No,No,No,No,2023-10-15,https://www.edmunds.com/toyota/rav4/2020/vin/2T3A1RFV5LC070863/?radius=25,60000,185.0
2021,Toyota,RAV4,XLE,29891.0,40479.0,0,1,Personal use,Clean Title,No,No,No,No,No,2024-04-06,https://www.edmunds.com/toyota/rav4/2021/vin/2T3A1RFV0MW196693/?radius=25,45000,11.0
2020,Toyota,RAV4,XLE,29898.0,10604.0,0,1,Personal use,Clean Title,No,No,No,No,No,,https://www.edmunds.com/toyota/rav4/2020/vin/JTMW1RFV5LJ022265/?radius=25,60000,
2023,Toyota,RAV4,LE,29918.0,6768.0,0,1,Personal use,Clean Title,No,No,No,No,No,,https://www.edmunds.com/toyota/rav4/2023/vin/2T3H1RFV3PC227360/?radius=25,15000,
2020,Toyota,RAV4,XLE,29959.0,10414.0,0,1,Personal use,Clean Title,No,No,No,No,No,2024-04-06,https://www.edmunds.com/toyota/rav4/2020/vin/2T3P1RFV7LC065576/?radius=25,60000,11.0
2021,Toyota,RAV4,LE,29969.0,25826.0,0,1,Personal use,Clean Title,No,No,No,No,No,2024-03-22,https://www.edmunds.com/toyota/rav4/2021/vin/2T3G1RFV2MC166042/?radius=25,45000,26.0
2023,Toyota,RAV4,LE,29988.0,6786.0,0,1,Personal use,Clean Title,No,No,No,No,Yes,2024-03-24,https://www.edmunds.com/toyota/rav4/2023/vin/2T3F1RFV4PC359860/?radius=25,15000,24.0
2020,Toyota,RAV4,Limited,29990.0,36701.0,0,1,Personal use only,Clean Title,No,No,No,No,No,2024-03-09,https://www.edmunds.com/toyota/rav4/2020/vin/2T3Y1RFV0LW071139/?radius=25,60000,39.0
2023,Toyota,RAV4,LE,29990.0,8643.0,0,1,Personal use only,Clean Title,No,No,No,No,No,,https://www.edmunds.com/toyota/rav4/2023/vin/2T3G1RFV8PW339582/?radius=25,15000,
2019,Toyota,RAV4,XLE,29990.0,20233.0,0,1,Personal use only,Clean Title,No,No,No,No,No,2024-04-01,https://www.edmunds.com/toyota/rav4/2019/vin/JTMC1RFV3KD514695/?radius=25,75000,16.0
2019,Toyota,RAV4,Limited,29990.0,24008.0,0,1,Personal use only,Clean Title,No,No,No,No,No,2024-03-02,https://www.edmunds.com/toyota/rav4/2019/vin/2T3N1RFV4KC032458/?radius=25,75000,46.0
2023,Toyota,RAV4,LE,29995.0,10226.0,0,1,Personal use,Clean Title,No,No,No,No,No,2024-04-07,https://www.edmunds.com/toyota/rav4/2023/vin/2T3F1RFV8PW348620/?radius=25,15000,10.0
2022,Toyota,RAV4,XLE,29995.0,12294.0,0,1,Personal use only,Clean Title,No,No,No,No,No,2024-04-08,https://www.edmunds.com/toyota/rav4/2022/vin/2T3P1RFV8NC293234/?radius=25,30000,9.0
2021,Toyota,RAV4,XLE,29995.0,10358.0,0,1,Personal use,Clean Title,No,No,No,No,Yes,2024-04-11,https://www.edmunds.com/toyota/rav4/2021/vin/2T3P1RFV0MC235360/?radius=25,45000,6.0
2021,Toyota,RAV4,XLE,29995.0,10355.0,0,1,Personal use,Clean Title,No,No,No,No,Yes,2024-04-02,https://www.edmunds.com/toyota/rav4/2021/vin/2T3P1RFV5MW219492/?radius=25,45000,15.0
2021,Toyota,RAV4,XLE,29998.0,25602.0,0,1,Personal use,Clean Title,No,No,No,No,No,,https://www.edmunds.com/toyota/rav4/2021/vin/2T3P1RFV3MC178006/?radius=25,45000,
2021,Toyota,RAV4,XLE,29998.0,43790.0,0,1,Personal use only,Clean Title,No,No,No,No,No,,https://www.edmunds.com/toyota/rav4/2021/vin/2T3C1RFV1MC113797/?radius=25,45000,
2021,Toyota,RAV4,LE,29998.0,16042.0,0,1,Personal use,Clean Title,No,No,No,No,No,,https://www.edmunds.com/toyota/rav4/2021/vin/2T3H1RFVXMW140873/?radius=25,45000,
2021,Toyota,RAV4,XLE,29998.0,29303.0,0,1,Personal use,Clean Title,No,No,No,No,No,,https://www.edmunds.com/toyota/rav4/2021/vin/2T3P1RFVXMC145200/?radius=25,45000,
2021,Toyota,RAV4,XLE,29998.0,32288.0,0,1,Personal use only,Clean Title,No,No,No,No,No,,https://www.edmunds.com/toyota/rav4/2021/vin/2T3C1RFV5MW111601/?radius=25,45000,
2021,Toyota,RAV4,XLE,29998.0,38251.0,0,1,Personal use,Clean Title,No,No,No,No,No,,https://www.edmunds.com/toyota/rav4/2021/vin/2T3P1RFV7MC195973/?radius=25,45000,
2022,Toyota,RAV4,XLE,29998.0,29317.0,0,1,Personal use only,Clean Title,No,No,No,No,No,,https://www.edmunds.com/toyota/rav4/2022/vin/2T3C1RFV2NC178403/?radius=25,30000,
2020,Toyota,RAV4,XLE,29998.0,5222.0,0,1,Personal use,Clean Title,No,No,No,No,No,,https://www.edmunds.com/toyota/rav4/2020/vin/2T3W1RFV0LW086330/?radius=25,60000,
2021,Toyota,RAV4,XLE,29998.0,23417.0,0,1,Personal use,Clean Title,No,No,No,No,No,,https://www.edmunds.com/toyota/rav4/2021/vin/2T3W1RFV5MC110222/?radius=25,45000,
2021,Toyota,RAV4,XLE,29998.0,20880.0,0,1,Personal use only,Clean Title,No,No,No,No,No,,https://www.edmunds.com/toyota/rav4/2021/vin/2T3P1RFV7MC217132/?radius=25,45000,
2022,Toyota,RAV4,XLE,29998.0,24443.0,0,1,Personal use only,Clean Title,No,No,No,No,No,,https://www.edmunds.com/toyota/rav4/2022/vin/2T3W1RFV0NC179529/?radius=25,30000,
2021,Toyota,RAV4,XLE,29998.0,37310.0,0,1,Personal use only,Clean Title,No,No,No,No,No,,https://www.edmunds.com/toyota/rav4/2021/vin/2T3P1RFV0MW237107/?radius=25,45000,
2019,Toyota,RAV4,Adventure,29998.0,56936.0,0,1,Personal use only,Clean Title,No,No,No,No,No,,https://www.edmunds.com/toyota/rav4/2019/vin/2T3J1RFV6KW003766/?radius=25,75000,
2021,Toyota,RAV4,XLE,29998.0,26713.0,0,1,Personal use only,Clean Title,No,No,No,No,No,,https://www.edmunds.com/toyota/rav4/2021/vin/2T3W1RFV9MC130117/?radius=25,45000,
2021,Toyota,RAV4,LE,29998.0,13330.0,0,1,Personal use,Clean Title,No,No,No,No,No,,https://www.edmunds.com/toyota/rav4/2021/vin/2T3H1RFV4MC137386/?radius=25,45000,
2021,Toyota,RAV4,XLE,29998.0,16611.0,0,1,Personal use only,Clean Title,No,No,No,No,No,,https://www.edmunds.com/toyota/rav4/2021/vin/2T3W1RFV9MC171136/?radius=25,45000,
2020,Toyota,RAV4,Base,29998.0,2600.0,0,1,Personal use only,Clean Title,No,No,No,No,No,,https://www.edmunds.com/toyota/rav4/2020/vin/2T3H1RFV9LW090899/?radius=25,60000,
2023,Toyota,RAV4,LE,29998.0,14481.0,0,1,Personal use only,Clean Title,No,No,No,No,No,,https://www.edmunds.com/toyota/rav4/2023/vin/2T3F1RFV3PC357890/?radius=25,15000,
2021,Toyota,RAV4,XLE,29998.0,34539.0,0,1,Personal use only,Clean Title,No,No,No,No,No,,https://www.edmunds.com/toyota/rav4/2021/vin/2T3P1RFV6MC246217/?radius=25,45000,
2021,Toyota,RAV4,XLE,29998.0,29853.0,0,1,Personal use only,Clean Title,No,No,No,No,No,,https://www.edmunds.com/toyota/rav4/2021/vin/2T3C1RFV4MC105080/?radius=25,45000,
2021,Toyota,RAV4,LE,29998.0,5579.0,0,1,Personal use,Clean Title,No,No,No,No,No,,https://www.edmunds.com/toyota/rav4/2021/vin/2T3F1RFV2MC183550/?radius=25,45000,
2021,Toyota,RAV4,LE,29998.0,10148.0,0,1,Personal use,Clean Title,No,No,No,No,No,,https://www.edmunds.com/toyota/rav4/2021/vin/2T3H1RFV1MC112591/?radius=25,45000,
2022,Toyota,RAV4,LE,29998.0,9761.0,0,1,Personal use only,Clean Title,No,No,No,No,No,,https://www.edmunds.com/toyota/rav4/2022/vin/2T3F1RFV7NW310597/?radius=25,30000,
2023,Toyota,RAV4,LE,29998.0,7931.0,0,1,Personal use only,Clean Title,No,No,No,No,No,,https://www.edmunds.com/toyota/rav4/2023/vin/2T3H1RFV5PC220149/?radius=25,15000,
2019,Toyota,RAV4,Limited,29998.0,48914.0,0,1,Personal use only,Clean Title,No,No,No,No,No,,https://www.edmunds.com/toyota/rav4/2019/vin/JTMN1RFV3KD519369/?radius=25,75000,
2021,Toyota,RAV4,XLE,29998.0,25115.0,0,1,Personal use,Clean Title,No,No,No,No,No,,https://www.edmunds.com/toyota/rav4/2021/vin/2T3P1RFVXMC222776/?radius=25,45000,
2021,Toyota,RAV4,XLE,29998.0,20595.0,0,1,Personal use only,Clean Title,No,No,No,No,No,,https://www.edmunds.com/toyota/rav4/2021/vin/2T3W1RFV4MC152638/?radius=25,45000,
2021,Toyota,RAV4,XLE,29998.0,34072.0,0,1,Personal use,Clean Title,No,No,No,No,No,,https://www.edmunds.com/toyota/rav4/2021/vin/2T3P1RFV5MC170148/?radius=25,45000,
2022,Toyota,RAV4,XLE,29998.0,20629.0,0,1,Personal use only,Clean Title,No,No,No,No,No,,https://www.edmunds.com/toyota/rav4/2022/vin/2T3P1RFV9NC262266/?radius=25,30000,
2020,Toyota,RAV4,Base,29998.0,2600.0,0,1,Personal use only,Clean Title,No,No,No,No,No,,https://www.edmunds.com/toyota/rav4/2020/vin/2T3H1RFV9LW090899/?radius=25,60000,
2021,Toyota,RAV4,XLE,29998.0,21417.0,0,1,Personal use,Clean Title,No,No,No,No,No,,https://www.edmunds.com/toyota/rav4/2021/vin/2T3P1RFV3MC195548/?radius=25,45000,
2022,Toyota,RAV4,LE,29998.0,6494.0,0,1,Personal use,Clean Title,No,No,No,No,No,,https://www.edmunds.com/toyota/rav4/2022/vin/2T3F1RFV3NC272089/?radius=25,30000,
2020,Toyota,RAV4,LE,29998.0,13230.0,0,1,Personal use only,Clean Title,No,No,No,No,No,,https://www.edmunds.com/toyota/rav4/2020/vin/2T3G1RFVXLW138941/?radius=25,60000,
2021,Toyota,RAV4,LE,29998.0,13353.0,0,1,Personal use,Clean Title,No,No,No,No,No,,https://www.edmunds.com/toyota/rav4/2021/vin/2T3F1RFV3MW172202/?radius=25,45000,
2022,Toyota,RAV4,XLE,29998.0,16793.0,0,1,Personal use only,Clean Title,No,No,No,No,No,,https://www.edmunds.com/toyota/rav4/2022/vin/2T3W1RFV7NC200392/?radius=25,30000,
2021,Toyota,RAV4,LE,29998.0,5146.0,0,1,Personal use,Clean Title,No,No,No,No,No,,https://www.edmunds.com/toyota/rav4/2021/vin/2T3F1RFV5MW190264/?radius=25,45000,
2020,Toyota,RAV4,XLE,29999.0,8154.0,0,1,Personal use,Clean Title,No,No,No,No,No,2024-03-29,https://www.edmunds.com/toyota/rav4/2020/vin/2T3P1RFV5LC077046/?radius=25,60000,19.0
2023,Toyota,RAV4,LE,29999.0,8818.0,0,1,Personal use,Clean Title,No,No,No,No,No,2024-03-27,https://www.edmunds.com/toyota/rav4/2023/vin/2T3F1RFV1PW344683/?radius=25,15000,21.0
2021,Toyota,RAV4,XLE,30014.0,18735.0,0,1,Personal use,Clean Title,No,No,No,No,Yes,2024-03-25,https://www.edmunds.com/toyota/rav4/2021/vin/2T3A1RFV0MC170421/?radius=25,45000,23.0
2021,Toyota,RAV4,XLE,30187.0,9224.0,0,1,Personal use only,Clean Title,No,No,No,No,No,,https://www.edmunds.com/toyota/rav4/2021/vin/2T3P1RFV8MW235668/?radius=25,45000,
2021,Toyota,RAV4,XLE,30459.0,28110.0,0,1,Personal use,Clean Title,No,No,No,No,No,2024-03-24,https://www.edmunds.com/toyota/rav4/2021/vin/2T3A1RFV9MW200692/?radius=25,45000,24.0
2023,Toyota,RAV4,LE,30595.0,7761.0,0,1,Personal use,Clean Title,No,No,No,No,No,2024-04-07,https://www.edmunds.com/toyota/rav4/2023/vin/2T3F1RFV5PW345173/?radius=25,15000,10.0
2021,Toyota,RAV4,XLE,30700.0,20570.0,0,1,Personal use,Clean Title,No,No,No,No,No,2024-04-01,https://www.edmunds.com/toyota/rav4/2021/vin/2T3A1RFV5MW199198/?radius=25,45000,16.0
2021,Toyota,RAV4,XLE,30759.0,32323.0,0,1,Personal use,Clean Title,No,No,No,No,No,2024-03-31,https://www.edmunds.com/toyota/rav4/2021/vin/2T3A1RFV7MC213765/?radius=25,45000,17.0
2021,Toyota,RAV4,XLE,30898.0,19310.0,0,1,Personal use,Clean Title,No,No,No,No,No,,https://www.edmunds.com/toyota/rav4/2021/vin/2T3P1RFV1MW190251/?radius=25,45000,
2021,Toyota,RAV4,XLE,30932.0,23492.0,0,1,Personal use,Clean Title,No,No,No,No,No,,https://www.edmunds.com/toyota/rav4/2021/vin/2T3P1RFV7MC175738/?radius=25,45000,
2021,Toyota,RAV4,XLE,30990.0,42565.0,0,1,Personal use only,Clean Title,No,No,No,No,No,2024-04-08,https://www.edmunds.com/toyota/rav4/2021/vin/JTMA1RFVXMD084240/?radius=25,45000,9.0
2019,Toyota,RAV4,XLE,30990.0,13105.0,0,1,Personal use only,Clean Title,No,No,No,No,No,2024-03-21,https://www.edmunds.com/toyota/rav4/2019/vin/JTMA1RFV2KD036048/?radius=25,75000,27.0
2022,Toyota,RAV4,LE,30992.0,22257.0,0,1,Personal use,Clean Title,No,No,No,No,No,2024-04-06,https://www.edmunds.com/toyota/rav4/2022/vin/2T3F1RFV4NW268163/?radius=25,30000,11.0
2021,Toyota,RAV4,XLE,30995.0,31361.0,0,1,Personal use,Clean Title,No,No,No,No,Yes,2024-03-26,https://www.edmunds.com/toyota/rav4/2021/vin/2T3A1RFV2MW190409/?radius=25,45000,22.0
2021,Toyota,RAV4,XLE,30995.0,26025.0,0,1,Personal use,Clean Title,No,No,No,No,No,2024-02-27,https://www.edmunds.com/toyota/rav4/2021/vin/2T3P1RFV3MC196411/?radius=25,45000,50.0
2022,Toyota,RAV4,XLE,30995.0,27022.0,0,1,Personal use only,Clean Title,No,No,No,No,No,2024-03-15,https://www.edmunds.com/toyota/rav4/2022/vin/2T3P1RFV8NW311133/?radius=25,30000,33.0
2021,Toyota,RAV4,XLE,30998.0,26623.0,0,1,Personal use,Clean Title,No,No,No,No,No,,https://www.edmunds.com/toyota/rav4/2021/vin/2T3P1RFV0MW170993/?radius=25,45000,
2021,Toyota,RAV4,XLE,30998.0,44435.0,0,1,Personal use,Clean Title,No,No,No,No,No,,https://www.edmunds.com/toyota/rav4/2021/vin/2T3A1RFV8MC155617/?radius=25,45000,
2023,Toyota,RAV4,XLE,30998.0,7970.0,0,1,Personal use only,Clean Title,No,No,No,No,No,,https://www.edmunds.com/toyota/rav4/2023/vin/2T3W1RFV2PW270769/?radius=25,15000,
2023,Toyota,RAV4,LE,30998.0,6500.0,0,1,Personal use,Clean Title,No,No,No,No,No,,https://www.edmunds.com/toyota/rav4/2023/vin/2T3K1RFV9PC226199/?radius=25,15000,
2021,Toyota,RAV4,LE,30998.0,5681.0,0,1,Personal use,Clean Title,No,No,No,No,No,,https://www.edmunds.com/toyota/rav4/2021/vin/2T3F1RFV5MW167017/?radius=25,45000,
2020,Toyota,RAV4,XLE,30998.0,4279.0,0,1,Personal use only,Clean Title,No,No,No,No,No,,https://www.edmunds.com/toyota/rav4/2020/vin/JTMC1RFVXLD519409/?radius=25,60000,
2022,Toyota,RAV4,XLE,30998.0,13940.0,0,1,Personal use only,Clean Title,No,No,No,No,No,,https://www.edmunds.com/toyota/rav4/2022/vin/2T3W1RFV3NC176222/?radius=25,30000,
2021,Toyota,RAV4,XLE,30998.0,28884.0,0,1,Personal use only,Clean Title,No,No,No,No,No,,https://www.edmunds.com/toyota/rav4/2021/vin/2T3P1RFV0MW226866/?radius=25,45000,
2021,Toyota,RAV4,XLE,30998.0,14707.0,0,1,Personal use,Clean Title,No,No,No,No,No,,https://www.edmunds.com/toyota/rav4/2021/vin/2T3W1RFVXMW136829/?radius=25,45000,
2022,Toyota,RAV4,XLE,30998.0,18933.0,0,1,Personal use only,Clean Title,No,No,No,No,No,,https://www.edmunds.com/toyota/rav4/2022/vin/2T3W1RFV0NC181698/?radius=25,30000,
2022,Toyota,RAV4,XLE,30998.0,7298.0,0,1,Personal use only,Clean Title,No,No,No,No,No,,https://www.edmunds.com/toyota/rav4/2022/vin/2T3P1RFV3NC299278/?radius=25,30000,
2021,Toyota,RAV4,XLE,30998.0,26747.0,0,1,Personal use,Clean Title,No,No,No,No,No,,https://www.edmunds.com/toyota/rav4/2021/vin/2T3P1RFV9MC186742/?radius=25,45000,
2020,Toyota,RAV4,XLE,30998.0,45385.0,0,1,Personal use only,Clean Title,No,No,No,No,No,,https://www.edmunds.com/toyota/rav4/2020/vin/JTMC1RFV1LD520254/?radius=25,60000,
2020,Toyota,RAV4,XLE,30998.0,9321.0,0,1,Personal use only,Clean Title,No,No,No,No,No,,https://www.edmunds.com/toyota/rav4/2020/vin/2T3C1RFV9LW058450/?radius=25,60000,
2021,Toyota,RAV4,XLE,30998.0,41490.0,0,1,Personal use only,Clean Title,No,No,No,No,No,,https://www.edmunds.com/toyota/rav4/2021/vin/2T3A1RFV6MW240664/?radius=25,45000,
2021,Toyota,RAV4,XLE,30998.0,13801.0,0,1,Personal use,Clean Title,No,No,No,No,No,,https://www.edmunds.com/toyota/rav4/2021/vin/2T3P1RFV7MW142396/?radius=25,45000,
2022,Toyota,RAV4,XLE,31061.0,16631.0,0,1,Personal use,Clean Title,No,No,No,No,No,,https://www.edmunds.com/toyota/rav4/2022/vin/2T3C1RFV8NW231989/?radius=25,30000,
2023,Toyota,RAV4,XLE,31295.0,8504.0,0,1,Personal use only,Clean Title,No,No,No,No,No,2024-03-18,https://www.edmunds.com/toyota/rav4/2023/vin/2T3P1RFV5PC367230/?radius=25,15000,30.0
2021,Toyota,RAV4,XLE,31299.0,5301.0,0,1,Personal use,Clean Title,No,No,No,No,Yes,2024-04-02,https://www.edmunds.com/toyota/rav4/2021/vin/2T3A1RFV3MC207736/?radius=25,45000,15.0
2021,Toyota,RAV4,XLE,31299.0,5301.0,0,1,Personal use,Clean Title,No,No,No,No,Yes,2024-04-02,https://www.edmunds.com/toyota/rav4/2021/vin/2T3A1RFV3MC207736/?radius=25,45000,15.0
2023,Toyota,RAV4,XLE,31457.0,4189.0,0,1,Personal use only,Clean Title,No,No,No,No,Yes,2024-03-03,https://www.edmunds.com/toyota/rav4/2023/vin/2T3P1RFV6PC355071/?radius=25,15000,45.0
2023,Toyota,RAV4,XLE,31490.0,2956.0,0,1,Personal use only,Clean Title,No,No,No,No,Yes,2024-03-13,https://www.edmunds.com/toyota/rav4/2023/vin/2T3P1RFV6PC334298/?radius=25,15000,35.0
2021,Toyota,RAV4,Limited,31495.0,9704.0,0,1,Personal use,Clean Title,No,No,No,No,No,2024-03-20,https://www.edmunds.com/toyota/rav4/2021/vin/JTMN1RFV9MD075658/?radius=25,45000,28.0
2021,Toyota,RAV4,Limited,31707.0,34248.0,0,1,Personal use,Clean Title,No,No,No,No,No,,https://www.edmunds.com/toyota/rav4/2021/vin/2T3N1RFV5MW207561/?radius=25,45000,
2021,Toyota,RAV4,XLE,31990.0,28924.0,0,1,Personal use only,Clean Title,No,No,No,No,No,2024-03-18,https://www.edmunds.com/toyota/rav4/2021/vin/2T3C1RFV9MC094254/?radius=25,45000,30.0
2020,Toyota,RAV4,XLE,31990.0,19251.0,0,1,Personal use only,Clean Title,No,No,No,No,No,2024-04-04,https://www.edmunds.com/toyota/rav4/2020/vin/JTMA1RFV6LJ028957/?radius=25,60000,13.0
2021,Toyota,RAV4,LE,31992.0,10832.0,0,1,Personal use,Clean Title,No,No,No,No,No,2024-03-30,https://www.edmunds.com/toyota/rav4/2021/vin/2T3F1RFV1MC169932/?radius=25,45000,18.0
2021,Toyota,RAV4,XLE,31995.0,29517.0,0,1,Personal use,Clean Title,No,No,No,No,Yes,2024-02-27,https://www.edmunds.com/toyota/rav4/2021/vin/2T3A1RFV2MW207838/?radius=25,45000,50.0
2019,Toyota,RAV4,XLE,31995.0,36338.0,0,1,Personal use only,Clean Title,No,No,No,No,No,2022-07-19,https://www.edmunds.com/toyota/rav4/2019/vin/2T3A1RFVXKC021785/?radius=25,75000,638.0
2023,Toyota,RAV4,LE,31997.0,14640.0,0,1,Personal use only,Clean Title,No,No,No,No,No,,https://www.edmunds.com/toyota/rav4/2023/vin/2T3F1RFVXPC344859/?radius=25,15000,
2022,Toyota,RAV4,XLE,31998.0,19962.0,0,1,Personal use only,Clean Title,No,No,No,No,No,,https://www.edmunds.com/toyota/rav4/2022/vin/JTMC1RFV1ND086355/?radius=25,30000,
2021,Toyota,RAV4,XLE,31998.0,25871.0,0,1,Personal use only,Clean Title,No,No,No,No,No,,https://www.edmunds.com/toyota/rav4/2021/vin/2T3C1RFV7MW153879/?radius=25,45000,
2022,Toyota,RAV4,XLE,31998.0,16928.0,0,1,Personal use only,Clean Title,No,No,No,No,No,,https://www.edmunds.com/toyota/rav4/2022/vin/2T3W1RFV5NC179025/?radius=25,30000,
2021,Toyota,RAV4,XLE,31998.0,18172.0,0,1,Personal use,Clean Title,No,No,No,No,No,,https://www.edmunds.com/toyota/rav4/2021/vin/2T3P1RFV2MW176407/?radius=25,45000,
2022,Toyota,RAV4,XLE,31998.0,17519.0,0,1,Personal use,Clean Title,No,No,No,No,No,,https://www.edmunds.com/toyota/rav4/2022/vin/2T3C1RFV3NC192892/?radius=25,30000,
2019,Toyota,RAV4,Adventure,31998.0,25228.0,0,1,Personal use only,Clean Title,No,No,No,No,No,,https://www.edmunds.com/toyota/rav4/2019/vin/JTMJ1RFV3KJ003528/?radius=25,75000,
2021,Toyota,RAV4,XLE,31998.0,36725.0,0,1,Personal use,Clean Title,No,No,No,No,No,,https://www.edmunds.com/toyota/rav4/2021/vin/JTMA1RFV1MD074437/?radius=25,45000,
2021,Toyota,RAV4,XLE,31998.0,18782.0,0,1,Personal use only,Clean Title,No,No,No,No,No,,https://www.edmunds.com/toyota/rav4/2021/vin/2T3C1RFV0MW144683/?radius=25,45000,
2021,Toyota,RAV4,XLE,31998.0,23500.0,0,1,Personal use,Clean Title,No,No,No,No,No,,https://www.edmunds.com/toyota/rav4/2021/vin/2T3C1RFV4MC091732/?radius=25,45000,
2023,Toyota,RAV4,XLE,31998.0,11916.0,0,1,Personal use only,Clean Title,No,No,No,No,No,,https://www.edmunds.com/toyota/rav4/2023/vin/2T3W1RFV7PC231127/?radius=25,15000,
2022,Toyota,RAV4,XLE,31998.0,19992.0,0,1,Personal use only,Clean Title,No,No,No,No,No,,https://www.edmunds.com/toyota/rav4/2022/vin/2T3C1RFV0NW190659/?radius=25,30000,
2022,Toyota,RAV4,XLE,31998.0,24891.0,0,1,Personal use only,Clean Title,No,No,No,No,No,,https://www.edmunds.com/toyota/rav4/2022/vin/2T3W1RFV6NC195105/?radius=25,30000,
2021,Toyota,RAV4,XLE,31998.0,25809.0,0,1,Personal use,Clean Title,No,No,No,No,No,,https://www.edmunds.com/toyota/rav4/2021/vin/2T3A1RFV4MC189182/?radius=25,45000,
2021,Toyota,RAV4,XLE,31998.0,36868.0,0,1,Personal use,Clean Title,No,No,No,No,No,,https://www.edmunds.com/toyota/rav4/2021/vin/2T3A1RFV8MC194000/?radius=25,45000,
2023,Toyota,RAV4,LE,31998.0,873.0,0,1,Personal use only,Clean Title,No,No,No,No,No,,https://www.edmunds.com/toyota/rav4/2023/vin/2T3F1RFV9PW396384/?radius=25,15000,
2021,Toyota,RAV4,XLE,31998.0,4442.0,0,1,Personal use only,Clean Title,No,No,No,No,No,,https://www.edmunds.com/toyota/rav4/2021/vin/2T3W1RFV5MC136836/?radius=25,45000,
2022,Toyota,RAV4,XLE,31998.0,12166.0,0,1,Personal use,Clean Title,No,No,No,No,No,,https://www.edmunds.com/toyota/rav4/2022/vin/2T3W1RFV3NC185115/?radius=25,30000,
2022,Toyota,RAV4,XLE,31998.0,17806.0,0,1,Personal use only,Clean Title,No,No,No,No,No,,https://www.edmunds.com/toyota/rav4/2022/vin/2T3P1RFV0NW327701/?radius=25,30000,
2021,Toyota,RAV4,XLE,32220.0,31753.0,0,1,Personal use,Clean Title,No,No,No,No,Yes,2024-03-02,https://www.edmunds.com/toyota/rav4/2021/vin/2T3A1RFVXMW214133/?radius=25,45000,46.0
2021,Toyota,RAV4,XLE,32341.0,19343.0,0,1,Personal use only,Clean Title,No,No,No,No,No,,https://www.edmunds.com/toyota/rav4/2021/vin/JTMA1RFV8MD069848/?radius=25,45000,
2021,Toyota,RAV4,XLE,32498.0,17076.0,0,1,Personal use only,Clean Title,No,No,No,No,No,,https://www.edmunds.com/toyota/rav4/2021/vin/2T3P1RFV7MW191811/?radius=25,45000,
2022,Toyota,RAV4,XLE,32590.0,4954.0,0,1,Personal use only,Clean Title,No,No,No,No,No,2024-04-02,https://www.edmunds.com/toyota/rav4/2022/vin/2T3W1RFV3NW208732/?radius=25,30000,15.0
2019,Toyota,RAV4,Limited,32683.0,20267.0,0,1,Personal use only,Clean Title,No,No,No,No,Yes,2024-03-28,https://www.edmunds.com/toyota/rav4/2019/vin/2T3N1RFV2KW038287/?radius=25,75000,20.0
2020,Toyota,RAV4,XLE,32950.0,10242.0,0,1,Personal use only,Clean Title,No,No,No,No,No,2024-03-20,https://www.edmunds.com/toyota/rav4/2020/vin/JTMA1RFV2LJ028695/?radius=25,60000,28.0
2019,Toyota,RAV4,Limited,32980.0,29560.0,0,1,Personal use only,Clean Title,No,No,No,No,No,,https://www.edmunds.com/toyota/rav4/2019/vin/JTMN1RFV0KD520544/?radius=25,75000,
2019,Toyota,RAV4,Limited,32990.0,21573.0,0,1,Personal use only,Clean Title,No,No,No,No,No,2024-04-10,https://www.edmunds.com/toyota/rav4/2019/vin/JTMN1RFV4KD002484/?radius=25,75000,7.0
2021,Toyota,RAV4,Limited,32990.0,43703.0,0,1,Personal use only,Clean Title,No,No,No,No,No,2024-04-11,https://www.edmunds.com/toyota/rav4/2021/vin/JTMN1RFVXMD082652/?radius=25,45000,6.0
2021,Toyota,RAV4,XLE,32990.0,29115.0,0,1,Personal use only,Clean Title,No,No,No,No,No,2024-04-08,https://www.edmunds.com/toyota/rav4/2021/vin/2T3P1RFVXMW244324/?radius=25,45000,9.0
2022,Toyota,RAV4,XLE,32990.0,9818.0,0,1,Personal use,Clean Title,No,No,No,No,No,2024-03-22,https://www.edmunds.com/toyota/rav4/2022/vin/2T3P1RFV3NC299345/?radius=25,30000,26.0
2021,Toyota,RAV4,XLE,32992.0,16015.0,0,1,Personal use,Clean Title,No,No,No,No,No,2024-03-16,https://www.edmunds.com/toyota/rav4/2021/vin/2T3P1RFV5MC200913/?radius=25,45000,32.0
2021,Toyota,RAV4,Adventure,32995.0,43767.0,0,1,Personal use only,Clean Title,No,No,No,No,No,2023-09-20,https://www.edmunds.com/toyota/rav4/2021/vin/2T3J1RFV9MW186308/?radius=25,45000,210.0
2021,Toyota,RAV4,XLE,32995.0,14274.0,0,1,Personal use,Clean Title,No,No,No,No,Yes,2024-03-30,https://www.edmunds.com/toyota/rav4/2021/vin/2T3P1RFV7MC223125/?radius=25,45000,18.0
2021,Toyota,RAV4,XLE,32995.0,44578.0,0,1,Personal use only,Clean Title,No,No,No,No,Yes,2024-03-19,https://www.edmunds.com/toyota/rav4/2021/vin/JTMA1RFV3MD074911/?radius=25,45000,29.0
2022,Toyota,RAV4,XLE,32998.0,14801.0,0,1,Personal use only,Clean Title,No,No,No,No,No,,https://www.edmunds.com/toyota/rav4/2022/vin/2T3C1RFV7NC200895/?radius=25,30000,
2019,Toyota,RAV4,XLE,32998.0,24040.0,0,1,Personal use only,Clean Title,No,No,No,No,No,,https://www.edmunds.com/toyota/rav4/2019/vin/JTMA1RFV4KD008381/?radius=25,75000,
2021,Toyota,RAV4,XLE,32998.0,18121.0,0,1,Personal use,Clean Title,No,No,No,No,No,,https://www.edmunds.com/toyota/rav4/2021/vin/2T3C1RFV3MW142071/?radius=25,45000,
2021,Toyota,RAV4,XLE,32998.0,30795.0,0,1,Personal use,Clean Title,No,No,No,No,No,,https://www.edmunds.com/toyota/rav4/2021/vin/2T3A1RFV2MW152453/?radius=25,45000,
2022,Toyota,RAV4,XLE,32998.0,11692.0,0,1,Personal use only,Clean Title,No,No,No,No,No,,https://www.edmunds.com/toyota/rav4/2022/vin/2T3P1RFV8NW309947/?radius=25,30000,
2021,Toyota,RAV4,XLE,32998.0,26082.0,0,1,Personal use,Clean Title,No,No,No,No,No,,https://www.edmunds.com/toyota/rav4/2021/vin/2T3P1RFV3MC180886/?radius=25,45000,
2022,Toyota,RAV4,XLE,32998.0,17370.0,0,1,Personal use only,Clean Title,No,No,No,No,No,,https://www.edmunds.com/toyota/rav4/2022/vin/2T3P1RFV8NC261450/?radius=25,30000,
2022,Toyota,RAV4,XLE,32998.0,19452.0,0,1,Personal use only,Clean Title,No,No,No,No,No,,https://www.edmunds.com/toyota/rav4/2022/vin/2T3P1RFV1NW308848/?radius=25,30000,
2023,Toyota,RAV4,XLE,32998.0,8786.0,0,1,Personal use only,Clean Title,No,No,No,No,No,,https://www.edmunds.com/toyota/rav4/2023/vin/2T3P1RFV1PC345239/?radius=25,15000,
2023,Toyota,RAV4,XLE,33119.0,3035.0,0,1,Personal use,Clean Title,No,No,No,No,Yes,2024-03-27,https://www.edmunds.com/toyota/rav4/2023/vin/2T3P1RFV3PC385970/?radius=25,15000,21.0
2021,Toyota,RAV4,Limited,33158.0,14009.0,0,1,Personal use,Clean Title,No,No,No,No,No,,https://www.edmunds.com/toyota/rav4/2021/vin/2T3Y1RFV2MC092464/?radius=25,45000,
2022,Toyota,RAV4,XLE,33186.0,12502.0,0,1,Personal use only,Clean Title,No,No,No,No,No,,https://www.edmunds.com/toyota/rav4/2022/vin/2T3A1RFV0NW318583/?radius=25,30000,
2023,Toyota,RAV4,XLE,33480.0,12274.0,0,1,Personal use only,Clean Title,No,No,No,No,No,,https://www.edmunds.com/toyota/rav4/2023/vin/2T3P1RFV0PC354319/?radius=25,15000,
2022,Toyota,RAV4,XLE,33491.0,14333.0,0,1,Personal use only,Clean Title,No,No,No,No,Yes,2024-03-30,https://www.edmunds.com/toyota/rav4/2022/vin/2T3A1RFV4NW298628/?radius=25,30000,18.0
2022,Toyota,RAV4,XLE,33590.0,16857.0,0,1,Personal use only,Clean Title,No,No,No,No,No,2024-03-20,https://www.edmunds.com/toyota/rav4/2022/vin/2T3C1RFV4NW234811/?radius=25,30000,28.0
2020,Toyota,RAV4,TRD,33990.0,31329.0,0,1,Personal use only,Clean Title,No,No,No,No,No,,https://www.edmunds.com/toyota/rav4/2020/vin/2T3J1RFV8LC107355/?radius=25,60000,
2022,Toyota,RAV4,XLE,33990.0,25281.0,0,1,Personal use only,Clean Title,No,No,No,No,No,2024-04-09,https://www.edmunds.com/toyota/rav4/2022/vin/2T3C1RFVXNC177595/?radius=25,30000,8.0
2022,Toyota,RAV4,XLE,33992.0,18855.0,0,1,Personal use only,Clean Title,No,No,No,No,No,2024-04-06,https://www.edmunds.com/toyota/rav4/2022/vin/2T3P1RFV1NW275124/?radius=25,30000,11.0
2021,Toyota,RAV4,XLE,33998.0,9964.0,0,1,Personal use only,Clean Title,No,No,No,No,No,,https://www.edmunds.com/toyota/rav4/2021/vin/2T3A1RFV5MW240168/?radius=25,45000,
2022,Toyota,RAV4,XLE,33998.0,20532.0,0,1,Personal use,Clean Title,No,No,No,No,No,,https://www.edmunds.com/toyota/rav4/2022/vin/2T3P1RFV0NW293839/?radius=25,30000,
2022,Toyota,RAV4,XLE,33998.0,14996.0,0,1,Personal use only,Clean Title,No,No,No,No,No,,https://www.edmunds.com/toyota/rav4/2022/vin/2T3W1RFV3NC174437/?radius=25,30000,
2022,Toyota,RAV4,XLE,33998.0,12751.0,0,1,Personal use only,Clean Title,No,No,No,No,No,,https://www.edmunds.com/toyota/rav4/2022/vin/2T3C1RFV0NW235843/?radius=25,30000,
2023,Toyota,RAV4,XLE,33998.0,9570.0,0,1,Personal use only,Clean Title,No,No,No,No,No,,https://www.edmunds.com/toyota/rav4/2023/vin/JTMW1RFV5PD097732/?radius=25,15000,
2022,Toyota,RAV4,XLE,33998.0,14139.0,0,1,Personal use only,Clean Title,No,No,No,No,No,,https://www.edmunds.com/toyota/rav4/2022/vin/2T3C1RFV6NW218092/?radius=25,30000,
2023,Toyota,RAV4,XLE,34395.0,5223.0,0,1,Personal use,Clean Title,No,No,No,No,Yes,2023-03-10,https://www.edmunds.com/toyota/rav4/2023/vin/2T3A1RFVXPC343169/?radius=25,15000,404.0
2023,Toyota,RAV4,XLE,34395.0,5581.0,0,1,Personal use,Clean Title,No,No,No,No,Yes,2023-03-23,https://www.edmunds.com/toyota/rav4/2023/vin/2T3A1RFV5PC346688/?radius=25,15000,391.0
2023,Toyota,RAV4,XLE,34401.0,12524.0,0,1,Personal use only,Clean Title,No,No,No,No,No,,https://www.edmunds.com/toyota/rav4/2023/vin/2T3P1RFVXPW398388/?radius=25,15000,
2020,Toyota,RAV4,Limited,34590.0,9850.0,0,1,Personal use only,Clean Title,No,No,No,No,No,2024-04-11,https://www.edmunds.com/toyota/rav4/2020/vin/2T3Y1RFV1LW062787/?radius=25,60000,6.0
2021,Toyota,RAV4,Limited,34950.0,12118.0,0,1,Personal use,Clean Title,No,No,No,No,No,2024-02-27,https://www.edmunds.com/toyota/rav4/2021/vin/JTMN1RFV7MD075190/?radius=25,45000,50.0
2021,Toyota,RAV4,XLE,34992.0,13981.0,0,1,Personal use,Clean Title,No,No,No,No,No,2024-04-06,https://www.edmunds.com/toyota/rav4/2021/vin/2T3A1RFV2MC212670/?radius=25,45000,11.0
2022,Toyota,RAV4,XLE,34992.0,14555.0,0,1,Personal use,Clean Title,No,No,No,No,No,2024-04-06,https://www.edmunds.com/toyota/rav4/2022/vin/2T3P1RFV5NW289138/?radius=25,30000,11.0
2020,Toyota,RAV4,Limited,34998.0,15360.0,0,1,Personal use only,Clean Title,No,No,No,No,No,,https://www.edmunds.com/toyota/rav4/2020/vin/2T3N1RFV3LW130509/?radius=25,60000,
2023,Toyota,RAV4,XLE,34998.0,13357.0,0,1,Personal use only,Clean Title,No,No,No,No,No,,https://www.edmunds.com/toyota/rav4/2023/vin/2T3P1RFV7PW361993/?radius=25,15000,
2021,Toyota,RAV4,Limited,35950.0,5913.0,0,1,Personal use,Clean Title,No,No,No,No,No,2024-01-22,https://www.edmunds.com/toyota/rav4/2021/vin/2T3N1RFV7MW217931/?radius=25,45000,86.0
2021,Toyota,RAV4,XLE,35995.0,22002.0,0,1,Personal use,Clean Title,No,No,No,No,No,2024-02-08,https://www.edmunds.com/toyota/rav4/2021/vin/2T3A1RFV1MC182707/?radius=25,45000,69.0
2023,Toyota,RAV4,XLE,35998.0,7847.0,0,1,Personal use only,Clean Title,No,No,No,No,No,,https://www.edmunds.com/toyota/rav4/2023/vin/2T3C1RFV4PW265804/?radius=25,15000,
2021,Toyota,RAV4,XLE,35998.0,14060.0,0,1,Personal use,Clean Title,No,No,No,No,No,,https://www.edmunds.com/toyota/rav4/2021/vin/2T3A1RFV6MW195399/?radius=25,45000,
2022,Toyota,RAV4,XLE,35998.0,11387.0,0,1,Personal use only,Clean Title,No,No,No,No,No,,https://www.edmunds.com/toyota/rav4/2022/vin/2T3A1RFVXNC318236/?radius=25,30000,
2022,Toyota,RAV4,XLE,35998.0,12542.0,0,1,Personal use only,Clean Title,No,No,No,No,No,,https://www.edmunds.com/toyota/rav4/2022/vin/2T3A1RFV6NC283145/?radius=25,30000,
2021,Toyota,RAV4,TRD,35998.0,7121.0,0,1,Personal use only,Clean Title,No,No,No,No,No,,https://www.edmunds.com/toyota/rav4/2021/vin/2T3S1RFV1MW232363/?radius=25,45000,
2021,Toyota,RAV4,Adventure,35998.0,20362.0,0,1,Personal use,Clean Title,No,No,No,No,No,,https://www.edmunds.com/toyota/rav4/2021/vin/2T3J1RFV2MW174498/?radius=25,45000,
2022,Toyota,RAV4,TRD,36998.0,15202.0,0,1,Personal use only,Clean Title,No,No,No,No,No,,https://www.edmunds.com/toyota/rav4/2022/vin/2T3S1RFV7NW314325/?radius=25,30000,
2023,Toyota,RAV4,XLE,36998.0,11595.0,0,1,Personal use only,Clean Title,No,No,No,No,No,,https://www.edmunds.com/toyota/rav4/2023/vin/2T3C1RFV8PW244633/?radius=25,15000,
2023,Toyota,RAV4,XLE,37998.0,3704.0,0,1,Personal use only,Clean Title,No,No,No,No,No,,https://www.edmunds.com/toyota/rav4/2023/vin/2T3A1RFV7PW399066/?radius=25,15000,
2021,Toyota,RAV4,TRD,38998.0,16323.0,0,1,Personal use only,Clean Title,No,No,No,No,No,,https://www.edmunds.com/toyota/rav4/2021/vin/2T3S1RFV1MW198098/?radius=25,45000,
2023,Toyota,RAV4,XLE,39998.0,1624.0,0,1,Personal use only,Clean Title,No,No,No,No,No,,https://www.edmunds.com/toyota/rav4/2023/vin/2T3A1RFV8PW397648/?radius=25,15000,
2021,Toyota,RAV4,Limited,40367.0,11246.0,0,1,Personal use,Clean Title,No,No,No,No,Yes,2024-02-16,https://www.edmunds.com/toyota/rav4/2021/vin/JTMN1RFV1MD078473/?radius=25,45000,61.0
2023,Toyota,RAV4,Adventure,40998.0,1466.0,0,1,Personal use,Clean Title,No,No,No,No,No,,https://www.edmunds.com/toyota/rav4/2023/vin/2T3J1RFV3PW387271/?radius=25,15000,
